result_id,result_month,player_1,player_2,player_1_win_probability
3,Feb-19,4372,3464,0.5249412560565703
6,Feb-19,3671,3507,0.4732956456793591
8,Aug-19,4584,53374,0.2850417836969089
9,Aug-19,10759,10751,0.627160882452928
13,Oct-19,405461,1194009,0.5660700079810203
16,Oct-19,52346,77442,0.4594812917379487
18,Mar-19,10378,51673,0.6089597312828527
19,Nov-19,3850,54846,0.6441522094434337
20,Jul-19,207037,95506,0.49972992544911804
26,Sep-19,10244,10839,0.4785268188030662
27,Nov-19,1398938,55849,0.5800215027938791
33,Feb-19,10769,10246,0.512064656618835
40,Sep-19,10807,1739159,0.44686563773668303
46,Oct-19,58977,240231,0.482710287914653
47,Aug-19,54171,3654,0.5328426259724496
52,Feb-19,196974,206781,0.6682974407577313
53,Aug-19,2555953,2611367,0.3693702975442781
61,Mar-19,10759,28487,0.5696205982827239
62,Aug-19,11767,59434,0.632184107231887
71,Jan-19,54309,10750,0.4913163792719589
75,Sep-19,265169,10785,0.24138930179385323
82,Apr-19,10695,10347,0.43335929054896855
83,Oct-19,4954,773853,0.551484658218983
92,Oct-19,175945,10807,0.6743261824442743
93,Jul-19,308451,806774,0.5773222123838158
95,Aug-19,60718,3746,0.38750391955206676
98,Aug-19,1740216,83953,0.572302198759662
105,Dec-19,207039,195354,0.5093878214726509
107,Aug-19,10789,11318,0.7437490804784269
108,Aug-19,54130,3588,0.647623535942869
115,Oct-19,252053,4348,0.5238374897537695
119,Aug-19,2206500,85223,0.38615830745963176
120,Mar-19,2035498,58272,0.3303813403288556
123,Mar-19,2514772,10378,0.3291861093701397
124,Aug-19,10324,10769,0.4804199896999441
127,Oct-19,3644,4690,0.36016520879743713
128,Jan-19,224134,94283,0.3791331786592391
129,Aug-19,204410,3498,0.5470986361680248
135,Aug-19,28527,42919,0.5353701923805502
138,Sep-19,200425,49953,0.5121255348321158
139,Sep-19,3564,54351,0.5109106426661165
142,Apr-19,11063,836822,0.5109202980231184
144,Mar-19,10307,10319,0.4881478429241349
152,Sep-19,58235,10383,0.5071165767345756
155,Jan-19,3495,3659,0.4943578700574376
157,Aug-19,11695,10749,0.5650279027045318
159,Jan-19,260593,3686,0.508446042043942
160,Nov-19,2466141,2583619,0.26740542614083207
161,Aug-19,10297,11286,0.4317720384269563
166,Aug-19,806774,1008596,0.3619136493899382
176,Aug-19,10839,1739159,0.5217591919058184
179,Oct-19,3617,55210,0.6393568939377419
180,Aug-19,10378,50083,0.6175463850724726
183,Jul-19,806774,3699,0.40738523262514376
188,Nov-19,743551,115535,0.5063865073106673
190,Nov-19,55965,57433,0.531509251766768
198,Jan-19,206796,3495,0.6172754388183488
199,Aug-19,230116,141998,0.24681789157467884
200,Jul-19,3673,95375,0.48887487287408277
212,Sep-19,28990,2602428,0.4915213658163805
214,Aug-19,3499,3700,0.37794597962689414
215,Mar-19,3558,49924,0.4501543842678351
218,Jul-19,41668,2124594,0.6430056469184745
219,Mar-19,3499,3481,0.47982716880277204
227,Oct-19,55965,1711873,0.47699097892907355
229,Aug-19,217512,2516571,0.5688307974215145
230,Oct-19,85223,100217,0.40959461935677427
232,Sep-19,2602428,2035498,0.4449863265168896
234,Oct-19,58977,3687,0.3593566788899943
236,Apr-19,268261,54309,0.5009033567354576
237,Mar-19,52886,3687,0.47880508121764903
238,Jun-19,286985,1459374,0.6535490300199512
239,Aug-19,58235,67431,0.4906051446917305
245,Mar-19,4299,51288,0.5280213551244264
261,Aug-19,10839,1607950,0.4736091535119429
272,Jul-19,4072,54638,0.6852922733152976
275,Feb-19,3464,1398935,0.3938443214152187
276,Jan-19,34159,57418,0.5855913509850291
277,Aug-19,10527,11466,0.42694420089739815
288,Sep-19,53391,11599,0.466325878972529
293,Aug-19,2035498,11356,0.5075827675791369
299,Sep-19,50113,10250,0.6106976789087836
301,May-19,9505,49979,0.630293771544324
303,Aug-19,55849,3469,0.3656128438268491
304,Aug-19,1940917,4417,0.7119213992503252
306,Feb-19,206781,95506,0.4155565330065378
311,May-19,2590128,2085750,0.4304587745935545
316,Nov-19,42681,3878,0.4670504332974372
317,Aug-19,3871,3507,0.5943953263283789
318,Oct-19,3503,3878,0.5131905488915044
319,Aug-19,4122,2065915,0.5015110736585302
325,Aug-19,235621,206796,0.5709114925145737
326,Oct-19,52346,146056,0.47273064231135065
333,Jul-19,308451,51222,0.6268718186998168
336,May-19,3961,3679,0.5471300191431717
344,Aug-19,3478,218159,0.7219173751503114
350,Jun-19,173321,3711,0.424526536275894
353,Oct-19,4190,1157738,0.6169999690074562
354,Mar-19,10344,398304,0.323816523207158
361,Aug-19,1194009,3495,0.544118518444089
362,Sep-19,24753,11466,0.4735583301159438
364,Oct-19,52598,960543,0.8348367834734348
366,Jan-19,4560,53149,0.515061243989726
370,Jan-19,10286,10323,0.5133097225987202
387,Oct-19,217512,4372,0.6234001303553203
392,Sep-19,2566922,3503,0.4561386946478989
393,Sep-19,59382,4075,0.48627714765690605
397,Sep-19,1393213,3718,0.5672642986131392
400,Sep-19,1969408,70649,0.3955195994593768
401,Mar-19,53149,77968,0.32481642903716784
403,Sep-19,10378,10283,0.6793942973789868
411,Oct-19,253923,3962,0.4016012322387359
412,Oct-19,83218,142094,0.6305870209247754
416,Oct-19,1988251,2093825,0.5621526818092049
417,Jan-19,3475,3691,0.5585755242034599
422,Sep-19,259658,28145,0.38343705094507086
424,Oct-19,85223,52346,0.5278962533730546
429,Sep-19,54458,1742954,0.483617696391567
440,Mar-19,10964,10750,0.19705481799863372
445,Mar-19,11695,11349,0.3138943609910106
448,Sep-19,4035,206794,0.6967408246706593
449,Oct-19,398304,378488,0.6101134418278078
453,Feb-19,10306,10590,0.685674691432947
470,Aug-19,11767,10292,0.6356796350485944
477,Nov-19,2526148,51790,0.5135707584236376
483,Feb-19,11095,10306,0.4767861916115349
498,May-19,1711873,4464,0.3302639893388598
512,Aug-19,28900,52345,0.5548536365434664
523,Dec-19,1711967,114452,0.7171276351626207
529,Jul-19,2104153,3765,0.49095725049370115
531,May-19,4633,167844,0.6927816300287567
533,Oct-19,3486,7479,0.3955765125942125
535,Oct-19,224142,94283,0.34607409193575683
536,Nov-19,4401,2566922,0.44261225490618916
542,Mar-19,45027,91939,0.4534072417501481
559,Jan-19,4417,3608,0.4330319260463184
560,Oct-19,2125639,2047419,0.335654952028518
574,Aug-19,3469,4417,0.6976457638626642
577,Aug-19,3871,3495,0.523248360323175
581,Mar-19,10850,398304,0.35259005053693576
595,Oct-19,4151,3486,0.44355976275370423
597,Oct-19,55282,3617,0.44300165780636314
598,Aug-19,3570,50772,0.34325308786428493
601,Jul-19,1570645,50772,0.38995261301052236
602,Aug-19,95375,4508,0.45497108065068614
605,Oct-19,70784,51289,0.41354257613354906
608,Jan-19,217512,55282,0.6117419426210737
617,Jan-19,3712,3734,0.3150852303941292
620,Jun-19,802298,64700,0.47623167567579067
623,Jan-19,10378,58235,0.5433642331953863
625,Sep-19,1969408,249399,0.5197961595537288
632,Oct-19,52886,3469,0.41847937285330444
636,Feb-19,3474,3499,0.563645310254235
638,Mar-19,3464,3475,0.3717685635321168
643,Aug-19,51094,58232,0.3310482488733443
645,Mar-19,10346,2230756,0.4817830161648503
649,Jan-19,11466,259658,0.593646568867096
657,Aug-19,259120,10246,0.288558312363684
659,Aug-19,3481,53374,0.31474669318436865
662,Sep-19,2555959,191910,0.5816157585374473
663,Oct-19,60157,3587,0.42325704495123156
666,Jan-19,836822,10338,0.5601225635427127
667,Jul-19,2103686,65638,0.43655156737568196
669,Oct-19,2568933,4128,0.5555608567510721
670,Jun-19,3534,51794,0.35082803317782246
671,Sep-19,51259,2526148,0.44212003395861826
681,Oct-19,200392,142094,0.44984335260805985
682,Mar-19,10242,11342,0.4397231026416826
685,Dec-19,10788,191924,0.4175341241986229
686,Nov-19,3558,65638,0.514582648455104
691,Aug-19,167901,100217,0.32389725442238326
692,Jul-19,42919,2204714,0.6006973414378587
698,Feb-19,1607952,207039,0.5168885823759563
699,Mar-19,268261,57418,0.573083349474428
702,Aug-19,10819,84281,0.4200410418583209
703,Aug-19,28527,80810,0.4984691393726464
705,Mar-19,3734,3570,0.5692977723696595
709,Mar-19,3850,206783,0.5263664999500662
711,Mar-19,206806,3993,0.49771964125125606
712,Aug-19,223621,364584,0.5882567355898466
714,Aug-19,3619,70414,0.5100733936470769
715,Nov-19,87175,70414,0.49916519350232846
719,Aug-19,4372,204410,0.4736397987054632
720,Sep-19,10286,2114659,0.5308679962034725
722,Oct-19,3962,52886,0.4950454383663343
728,Jul-19,10305,2035498,0.6201849106574285
731,Jul-19,4487,3723,0.511298191852698
736,Oct-19,196974,3464,0.6291025670768629
737,Nov-19,1948598,206794,0.6704695102710053
739,Nov-19,2596786,1948598,0.47782824495932585
745,Sep-19,1740216,55849,0.6313968855867345
746,Mar-19,10854,161912,0.3502348610264727
750,Jan-19,83218,1984892,0.6575760393768969
751,Aug-19,11356,10527,0.521024999686101
753,Feb-19,3878,94283,0.397082605797748
754,Feb-19,3785,51297,0.535675881437966
762,Aug-19,90634,70622,0.4479943606052284
763,Aug-19,157972,34144,0.7975172448190486
778,Aug-19,1083703,4611,0.311493856945621
779,Sep-19,1083703,59419,0.3381832791022332
785,Sep-19,53840,53374,0.4216510054995265
787,Nov-19,191865,1740216,0.5627760239873624
801,Aug-19,76531,53374,0.4172737881098706
808,Jun-19,1971098,5164,0.5608048253991187
821,Jan-19,3734,4047,0.5742429298381175
823,Oct-19,179979,2590128,0.5277061893153875
824,Feb-19,11140,10819,0.36260843123228587
826,Aug-19,1607950,11666,0.5760748124165822
833,Oct-19,55849,3460,0.5021522629511699
839,Jun-19,286985,64700,0.5777161808552336
841,Feb-19,53840,3718,0.6186551667685868
842,Aug-19,11599,10403,0.5928603579257895
851,Aug-19,260593,54351,0.5036145722962233
852,Jan-19,2087072,207438,0.7665441054946025
861,Aug-19,53840,3687,0.5230208214681844
874,Jul-19,2085750,1971098,0.493166700280621
876,Aug-19,4560,200425,0.42397424824245333
878,Oct-19,405461,54171,0.5624736916247343
880,Sep-19,1712024,10829,0.6687506756539555
888,Jul-19,28081,1444784,0.6917582570441018
889,Sep-19,205461,4487,0.5991726843951569
894,Sep-19,1570645,2085751,0.5054833300300633
895,Mar-19,1988251,76531,0.4276494235803634
902,Jul-19,1607539,3711,0.35668708056968523
905,Jul-19,308451,252053,0.5021313536019876
912,Sep-19,3569,2085750,0.3691916803002215
913,Oct-19,1984892,52341,0.42897260047772867
917,Mar-19,11095,10839,0.4400618493145496
918,May-19,373773,5225,0.4510298554781004
920,Feb-19,2596786,27182,0.43545288118349207
921,Sep-19,28399,10807,0.37359193119361045
922,Oct-19,11346,146056,0.38076727902143603
923,Aug-19,28097,3927,0.5324207298293786
925,Sep-19,3962,4560,0.5272494196947165
928,Feb-19,52886,3587,0.478507782159722
929,Oct-19,1459374,1948598,0.4119928279095687
930,May-19,51790,373773,0.5474764127150341
933,Aug-19,844356,11342,0.4932662163170513
938,Oct-19,2095984,91084,0.4041011459241894
941,Feb-19,3761,200425,0.48038206337635986
942,Aug-19,4128,55210,0.5727059331381164
955,Jan-19,207037,3474,0.5134815570965807
971,Nov-19,1984892,1948598,0.4470660882697198
975,Jun-19,197507,44785,0.6746136200602251
976,Oct-19,3745,95375,0.429343675649382
981,Mar-19,10751,83015,0.46447308242662555
982,Sep-19,10531,42587,0.453278594288985
983,Mar-19,73237,1517181,0.5840746264609207
985,Oct-19,3959,65365,0.5740182964310843
988,Sep-19,4401,3884,0.5261430327523824
993,Sep-19,11348,11370,0.45079581054616097
998,Aug-19,4072,125087,0.41991013163934066
1000,Sep-19,252053,2085751,0.4981883565442645
1002,Nov-19,27273,206794,0.6094968255064207
1004,Feb-19,2093432,53198,0.6072971729385677
1006,Oct-19,259658,11767,0.3451242224472566
1010,Mar-19,3464,3943,0.5270785251025196
1020,Aug-19,11695,10473,0.33965578767422694
1024,Sep-19,34103,398304,0.5895452479396396
1025,Sep-19,4151,4802,0.3555423200255312
1030,Feb-19,844356,11134,0.5095316495638397
1032,Aug-19,47138,3558,0.4104191788818424
1038,Oct-19,10751,10403,0.4667976132529175
1039,Sep-19,10479,10324,0.5213249581012561
1040,Oct-19,268917,59419,0.1713216904919927
1041,Nov-19,3478,3469,0.6348056556128371
1046,Jan-19,11140,57418,0.5191928546761989
1053,Aug-19,3481,3495,0.46094284496602334
1055,Sep-19,10864,41562,0.21916741491390435
1059,Jul-19,218755,3718,0.5888612269677203
1060,Oct-19,3982,235621,0.44674388575668045
1062,Sep-19,153464,74682,0.4676756514581207
1064,Oct-19,3478,94283,0.6130615321701423
1065,Sep-19,4190,3791,0.7916250264216753
1068,Sep-19,2097125,1983491,0.44749811180275123
1069,Sep-19,5225,4128,0.4813134678897374
1071,Nov-19,191903,206783,0.33899209869513264
1072,Aug-19,50083,2097125,0.5656483742956703
1073,Aug-19,10339,51304,0.30368138976945214
1075,Jan-19,206796,3871,0.595063830046177
1078,Oct-19,3558,2536184,0.5703713637521484
1079,Sep-19,11040,51673,0.3857345313167343
1081,Oct-19,56797,65638,0.4988353842678097
1082,Mar-19,34037,4072,0.22933892704779688
1085,Feb-19,65365,2005359,0.4168168571353792
1086,Aug-19,10590,10765,0.231891058135359
1094,Sep-19,54171,49954,0.5848695386230773
1098,Sep-19,4053,3718,0.49209462791957803
1100,Aug-19,11599,11349,0.42000963431276905
1102,Feb-19,4686,73237,0.5783964885280916
1105,Oct-19,167901,84513,0.3837163897949282
1107,Sep-19,71334,11275,0.5671491203634081
1109,Oct-19,5218,94598,0.6338696478361016
1110,Aug-19,49953,3478,0.3201974048088065
1113,Oct-19,1398935,3460,0.60781876126548
1117,Feb-19,1906302,2085750,0.45298682266322987
1119,Feb-19,2596786,206794,0.6505742011866186
1125,Aug-19,10479,10532,0.39684442628545746
1126,Oct-19,2525708,2095984,0.4255431784299474
1127,Feb-19,2611278,10839,0.2630343709765433
1130,Jul-19,4401,4053,0.49721799090753127
1132,Aug-19,24753,52346,0.484596287723654
1137,Oct-19,27182,1157738,0.6733251661620886
1138,Sep-19,3605,77968,0.33698127548362716
1139,Jan-19,2601750,3702,0.3206720676949514
1141,Aug-19,10344,11695,0.5901545262305119
1144,Oct-19,765205,10850,0.26489606918753206
1145,Jan-19,3464,55282,0.4627658363469381
1149,Nov-19,3456,3478,0.44411054217453866
1150,Jan-19,2616345,3943,0.576919963434456
1152,Nov-19,42381,33118,0.3593127728244197
1153,Sep-19,59419,95524,0.546763571348633
1154,Aug-19,802298,247320,0.32822094302714977
1158,Oct-19,11348,10292,0.5390185116265881
1159,Jan-19,1398935,3901,0.6003426196395745
1164,Sep-19,3499,217512,0.32170941197686104
1168,Jul-19,1444784,5164,0.45036648004690355
1171,Oct-19,50454,77977,0.42293612984784096
1174,Jan-19,10378,28487,0.6063479240936428
1179,Oct-19,135645,50992,0.4953163115517834
1180,Oct-19,219786,11361,0.6083404993065172
1182,Sep-19,53292,64428,0.6468918642324055
1186,Oct-19,58977,51314,0.5652791275395439
1187,Feb-19,11247,10479,0.44891134175941305
1203,Sep-19,398304,50083,0.7226943128779468
1206,Oct-19,224678,247320,0.3408273978845993
1210,Sep-19,49954,95524,0.3992336307783365
1212,Oct-19,4073,56797,0.6007075211067874
1214,Jul-19,308451,4169,0.5398065843245321
1221,Mar-19,3695,2611704,0.6023694873639885
1223,Oct-19,3466,27335,0.5482188625916626
1255,Oct-19,3495,217512,0.3755113631474776
1256,Dec-19,2035485,262476,0.6158627795797743
1258,Aug-19,95506,2108184,0.6970991025000339
1259,Jul-19,124948,2087254,0.43022609783693405
1272,Nov-19,176778,95161,0.5576315077896558
1277,Mar-19,10760,398304,0.2719142358437997
1278,Oct-19,2536184,2590526,0.7870501333715785
1283,Oct-19,9505,206329,0.4067010962434417
1286,Jul-19,1978582,4464,0.5471234687722419
1290,Jul-19,10305,84281,0.4233029021485283
1297,Sep-19,34144,11487,0.5881023962246255
1298,Nov-19,166446,206329,0.11107105325505583
1304,Aug-19,11349,10324,0.5894066183157998
1310,Nov-19,1570645,4169,0.5449332918100281
1311,Sep-19,11042,50113,0.4266669252136407
1315,Aug-19,82405,11286,0.6089251297178859
1316,Sep-19,47138,197507,0.4579873071226678
1320,Mar-19,3961,4299,0.6863923953201893
1334,Aug-19,70649,10305,0.5293610596569575
1339,Sep-19,262476,52003,0.7896576837343371
1344,Sep-19,4169,2537714,0.4850940186020538
1349,Jan-19,3698,204410,0.48317257429905797
1352,Oct-19,53840,52294,0.5213555564569635
1353,Sep-19,4193,1570645,0.35790043232532953
1354,Oct-19,28097,57433,0.5160243450646637
1355,Mar-19,11767,11356,0.6157766880500032
1356,Oct-19,54113,1609240,0.47170578112095995
1360,Sep-19,1609088,10843,0.25909354174878224
1368,Sep-19,5218,3994,0.5147979789291901
1370,Sep-19,3867,1570645,0.534109608698055
1371,May-19,4073,28080,0.5385417637617969
1373,Jul-19,3671,3946,0.2525207010359292
1381,Jul-19,1157738,3765,0.5023469299086323
1382,Oct-19,3878,217512,0.407073321599839
1384,Aug-19,49930,3503,0.7922272898625685
1389,Aug-19,28085,191111,0.26808138099250467
1393,Aug-19,59419,93398,0.6249454023183458
1395,Aug-19,27182,3713,0.6022262399862093
1396,Sep-19,34201,27273,0.2586805060220785
1397,Jul-19,100217,10793,0.5978025734727573
1413,Oct-19,67623,3700,0.5478881018576858
1414,Sep-19,4401,56823,0.42487044786722666
1416,Aug-19,96338,3498,0.612378033041784
1417,Feb-19,3691,207037,0.5303175281011463
1421,May-19,2590128,49924,0.4224694192421442
1424,Feb-19,4348,3605,0.5007364228261698
1426,Aug-19,10769,11640,0.5354886350983619
1429,Feb-19,3495,51296,0.5135565725876339
1432,Sep-19,2095346,1740216,0.32008840032535885
1436,Aug-19,802298,28097,0.6325386101731925
1438,Oct-19,51297,2516571,0.4684539656618643
1442,Aug-19,95375,51653,0.31897436924503986
1444,Sep-19,81226,3564,0.5319947892184749
1446,Sep-19,3746,50772,0.4183972058918051
1447,Sep-19,51304,1983491,0.5468792411141234
1448,Jul-19,2087254,4075,0.5230077093821617
1456,Jul-19,4464,4169,0.6028911217802655
1482,Jun-19,124948,2536184,0.5265096772813657
1484,Jun-19,10063,230116,0.500245501848577
1485,Jul-19,1971098,51322,0.43539507261564087
1488,Apr-19,10322,10793,0.6208610294244287
1490,Sep-19,11558,11247,0.5756335091807823
1496,Aug-19,303997,60156,0.6101938403488967
1508,Oct-19,135645,1008596,0.2067194495969255
1520,Jun-19,28080,1948598,0.5129833910058784
1525,Sep-19,55282,218163,0.38778915922616014
1528,Sep-19,50772,28081,0.49454806762783143
1532,Oct-19,4169,4508,0.40701611414638517
1535,Aug-19,65638,1740216,0.3843047133390297
1541,Feb-19,4686,3474,0.6097860222262943
1545,Aug-19,4690,28081,0.4431264036781663
1548,Oct-19,10695,42381,0.5330112069542192
1551,Jan-19,3867,235621,0.3763390935564738
1552,Sep-19,3468,3499,0.6181996437513819
1562,Aug-19,70414,84505,0.5870480313623988
1572,Jan-19,10267,10323,0.3014984657843395
1575,Jul-19,206783,1978582,0.4449051228097958
1580,Aug-19,806774,51222,0.5515733464333673
1582,Mar-19,224678,83218,0.37450165101010235
1584,Mar-19,398304,70649,0.5963991704300436
1591,Oct-19,1863628,3943,0.5240298491471662
1596,Jan-19,207037,3687,0.4648832761316092
1598,Jun-19,3765,3666,0.44839869895075346
1599,Mar-19,77442,28900,0.5389770927278781
1605,Jul-19,142094,77968,0.3554598380891335
1608,Jan-19,3832,200399,0.4727115820846248
1609,Mar-19,4445,53840,0.439276074013067
1610,Sep-19,2095346,4073,0.33496699219484993
1615,Jan-19,11042,10340,0.47060830623149463
1616,Aug-19,4372,93116,0.5651971558242214
1626,Dec-19,262476,1784530,0.5945503690406844
1629,Oct-19,74092,51701,0.8168591531813222
1633,Jan-19,3570,3608,0.5073974566203263
1634,Jul-19,5069,3503,0.35518207044981337
1636,Jul-19,11599,10283,0.6429195198389498
1639,Mar-19,1739159,10789,0.5540395203476893
1641,Dec-19,79581,11286,0.17186943416045586
1642,Oct-19,10819,10473,0.47866894904466156
1645,Oct-19,3456,4372,0.6859532060291293
1649,Aug-19,11342,10250,0.5885110699375503
1654,Oct-19,41668,3644,0.41004336155856225
1655,Sep-19,1712024,10378,0.41421690306572145
1661,Aug-19,54171,802298,0.5375553820855427
1668,Mar-19,2590128,2085750,0.4304587745935545
1670,Jul-19,84513,1398920,0.7537699564559618
1682,Oct-19,4733,1945656,0.2844064937703021
1683,Aug-19,4515,53374,0.4144874776664484
1688,Jul-19,42919,3765,0.5158280523221905
1689,Aug-19,11767,10244,0.5561751411924782
1697,Apr-19,10344,58272,0.39070453676334577
1699,Nov-19,256513,4622,0.5977048447637783
1700,Jan-19,3474,3927,0.6571499237675227
1704,Feb-19,3619,3474,0.5784556061788662
1706,Jul-19,10347,10479,0.45003446562224775
1708,Jun-19,45571,1971098,0.33201190584533624
1715,Jan-19,240233,1742954,0.4210250589421378
1716,Aug-19,3766,3962,0.6133569392427971
1718,Aug-19,1711873,802298,0.40397323082187847
1723,Dec-19,4299,802298,0.4871555726725351
1724,Sep-19,1517181,10063,0.435759580523491
1725,Jul-19,2525708,308451,0.4403179347846996
1726,Jan-19,53840,3503,0.5299969119967839
1731,Jul-19,1618756,4190,0.312521840181612
1735,Feb-19,200425,3475,0.4691943301140373
1740,Oct-19,3498,95506,0.4619527807226807
1749,Mar-19,4445,4417,0.6082522848872176
1750,Oct-19,1374418,77977,0.43270046815556495
1751,Oct-19,3766,3884,0.7101085117406761
1752,Aug-19,3871,260593,0.49565437029524806
1762,Jan-19,268262,10267,0.6529315147757291
1763,Sep-19,10244,146056,0.49271861486087065
1768,Sep-19,200392,200425,0.39378086992667777
1771,Jan-19,53840,49953,0.5119816123556011
1772,Oct-19,11346,2608472,0.3096174429608073
1780,Feb-19,53374,3475,0.5478641175998021
1782,Sep-19,64700,51297,0.5077471945431117
1786,Aug-19,10292,11042,0.4219182193324665
1787,Jan-19,253195,3495,0.44203170893571
1790,Jul-19,1517181,81226,0.38736403532315955
1792,Jul-19,2095341,141946,0.7331361210518594
1796,Mar-19,10246,10338,0.5987632047615016
1799,Aug-19,206783,2566922,0.5787010887800473
1802,Mar-19,4584,1607952,0.4067512585635744
1804,Mar-19,10789,11349,0.33582442575884935
1808,Feb-19,11558,219786,0.4954344946782689
1810,Dec-19,49884,373773,0.5632526031272502
1811,May-19,1863628,2526148,0.47895278425665055
1812,Oct-19,206794,51433,0.28829927786301085
1822,Mar-19,593241,11356,0.6190012179746495
1824,Jul-19,53840,3608,0.6021857440756548
1833,Jan-19,45027,10750,0.5261953983611377
1834,Sep-19,93201,28900,0.41958251554762616
1836,Sep-19,45571,205461,0.31374179100948957
1838,Sep-19,34159,10346,0.5227356787377591
1839,Jul-19,53292,4151,0.6928457528235747
1841,Oct-19,204410,3481,0.5662887954598496
1842,Sep-19,207039,28097,0.6256929185304781
1845,Oct-19,3994,3558,0.5641492412746058
1847,Oct-19,182561,4348,0.6408301734666585
1849,Mar-19,94283,3702,0.596397952552407
1850,Oct-19,53391,11318,0.7841252048270171
1852,Mar-19,92088,223621,0.6772552435892594
1853,Oct-19,64428,51256,0.31632558752390144
1854,Aug-19,836822,1607950,0.44574527164406896
1858,Aug-19,217512,3499,0.6782905880231389
1862,May-19,2536184,49979,0.6165818398886478
1866,Oct-19,54113,2566922,0.32056623878886115
1871,Oct-19,206806,3475,0.48074081667947005
1874,Aug-19,3482,3734,0.3912163268796572
1886,Aug-19,3687,3478,0.3106510020705854
1890,Jan-19,3691,53374,0.3947408046128427
1891,Feb-19,3490,54171,0.4388655962911592
1892,Jul-19,1726478,191841,0.7511905084054149
1894,Nov-19,3699,256513,0.5283508373189304
1903,Sep-19,1570645,405461,0.42044060863478316
1908,Sep-19,34159,10307,0.4572117770622641
1917,Oct-19,74148,10807,0.3607955398964748
1920,Aug-19,10281,836822,0.5690176138985977
1923,May-19,87188,80810,0.4143825212605457
1925,Aug-19,53840,94283,0.4391211696091186
1928,Aug-19,59434,28290,0.6111200628674901
1943,Oct-19,4348,56823,0.4788907200630041
1951,Sep-19,10872,53488,0.6324745125761309
1953,Sep-19,10789,10317,0.5033011022397662
1960,Oct-19,34159,11346,0.6042842640565915
1968,Sep-19,200392,4151,0.5694112088112422
1969,Oct-19,206796,196974,0.5112080790246055
1971,Jul-19,49984,51315,0.5797484849996645
1973,Aug-19,1194009,51296,0.557537439405821
1974,Jul-19,1157738,2087254,0.37353482909827695
1978,Sep-19,51794,141998,0.30759043595456953
1979,Jan-19,49953,3478,0.3201974048088065
1980,Nov-19,3699,4073,0.446965595631317
1986,Aug-19,11134,2114659,0.672664405388098
1992,Jan-19,3927,3460,0.3705748368683813
1996,Sep-19,11466,45507,0.5799918000123755
1999,Sep-19,2204585,3746,0.3608026068938553
2010,Aug-19,95161,1194009,0.4259933857571604
2011,Mar-19,3713,53255,0.5216070893305351
2012,Aug-19,76531,212742,0.6005342491619207
2018,Jun-19,96338,2600371,0.6221396021303085
2019,Jan-19,3901,3499,0.5414948783658053
2027,Jul-19,3967,4133,0.36298052932348324
2029,Jan-19,3659,206806,0.4182931888382616
2030,Sep-19,53028,2536184,0.4840317158881326
2033,Jan-19,10759,11359,0.6542441914955145
2040,Sep-19,95161,55908,0.42013007078138015
2048,Sep-19,10352,10246,0.3502193960626845
2051,Aug-19,176778,93398,0.5438465244875429
2062,Mar-19,11348,259658,0.5597806935203701
2070,Oct-19,4075,1710702,0.567660380071008
2071,Oct-19,4686,52337,0.7278701644290603
2074,Aug-19,1969408,10751,0.5831712749262034
2078,Nov-19,10259,24836,0.5708438554695074
2080,Sep-19,42587,2114659,0.7206798638745455
2085,Aug-19,207037,67623,0.4060043860659255
2093,Oct-19,45447,191910,0.6727838386087656
2096,Feb-19,206794,3533,0.459525886452806
2097,Mar-19,3481,3469,0.3511334367623947
2100,Aug-19,53840,2095984,0.5359722767593164
2102,Feb-19,207039,53840,0.42708436182243387
2113,Oct-19,83218,3478,0.40136989654812355
2115,Aug-19,1607950,364584,0.7160363886553289
2119,May-19,3503,54638,0.6632472536497939
2121,Feb-19,4151,3644,0.4519387560923851
2123,Aug-19,391097,2611772,0.658693803875406
2136,Nov-19,4508,70622,0.47518688586686736
2139,Feb-19,53374,200425,0.5782085179620073
2143,Sep-19,53292,252053,0.578346042793612
2144,Mar-19,3686,52341,0.4582178495882794
2150,Aug-19,70522,27182,0.4466610898537578
2151,Oct-19,54846,3605,0.46126886799589323
2153,Jan-19,2230756,10306,0.5025303705576569
2154,Aug-19,3878,53840,0.4568807840214886
2155,Aug-19,28527,4021,0.4544069220322779
2166,Mar-19,4372,3927,0.6539779142094878
2167,Aug-19,10323,10457,0.6730221637413284
2171,Oct-19,2093825,2502489,0.6939935453960824
2179,Jul-19,70649,10310,0.6522844506580674
2180,Jul-19,167844,3699,0.3966055251384096
2181,Nov-19,95161,67623,0.3602182040908067
2183,Aug-19,69327,76935,0.615845291579371
2184,Oct-19,51297,3475,0.419648060690543
2187,Feb-19,10378,161912,0.5782893212593601
2188,Aug-19,42681,96338,0.4066178507920346
2189,Oct-19,10352,52345,0.45226188772069825
2191,Oct-19,53449,53840,0.4441705005257236
2192,Nov-19,76935,3746,0.4961111479840593
2193,Sep-19,11035,85223,0.5032372309947156
2197,Oct-19,53840,52341,0.5153196920981404
2203,Feb-19,10819,836822,0.5713969927992796
2211,Sep-19,4802,3597,0.4400550239166694
2212,Sep-19,28145,11134,0.48456443397067267
2220,Mar-19,3558,51288,0.5384761308349697
2222,Aug-19,28081,55282,0.6311421494280033
2229,Feb-19,52886,3828,0.42583288289400406
2230,Aug-19,259120,45027,0.3055791838255916
2232,Jul-19,2566922,153710,0.4703596073297014
2233,Sep-19,10310,167901,0.5254223750298035
2235,Nov-19,10273,10347,0.7420008364839878
2236,Aug-19,3894,3860,0.317451864651477
2243,Jul-19,1880727,3982,0.34996505164357505
2247,Aug-19,167901,11040,0.5660078177986193
2250,Oct-19,10281,378488,0.47917231414774025
2251,Dec-19,1712668,2590128,0.5026574048482844
2252,Oct-19,50772,4611,0.5006360321510461
2253,Feb-19,10287,52345,0.6321138325040812
2256,Feb-19,10325,2595933,0.644609612881265
2257,Mar-19,3943,3994,0.3791114027708116
2267,Jan-19,10479,11161,0.5438145169195688
2277,Jan-19,3673,217512,0.3975082410583247
2279,Aug-19,84513,24753,0.5687766508210338
2282,Sep-19,4122,1609240,0.6701205928277435
2286,Nov-19,1712024,51094,0.5813289622846161
2288,Sep-19,4690,52886,0.5582705865407555
2296,Oct-19,52294,3687,0.501668546190302
2303,Nov-19,96338,64428,0.6399936519473349
2306,Oct-19,65365,3654,0.5019545476862174
2309,Mar-19,11042,28145,0.48095894241772724
2312,Jul-19,2568933,2526148,0.562097894543944
2313,Jan-19,11042,259658,0.5983954390269556
2315,Feb-19,3654,3878,0.4818665409166082
2317,Aug-19,4417,235621,0.24192222393778823
2318,Sep-19,265169,11487,0.5136656045031248
2321,Sep-19,981589,391097,0.35806297535070014
2330,Aug-19,77442,10403,0.5786181100078609
2333,Mar-19,10479,11695,0.6238246211866081
2334,Aug-19,3766,2087254,0.6070065016010757
2335,Oct-19,364584,11342,0.2849162024173436
2337,Oct-19,52346,44970,0.5165161173681917
2342,Oct-19,9505,1459374,0.49794739596921367
2357,Jun-19,4391,1399808,0.43269854233873406
2360,Oct-19,2516571,218159,0.5436763781171707
2361,Aug-19,1008596,91084,0.45182124015892194
2364,Nov-19,411593,4169,0.5211698258315294
2365,Jul-19,844356,10378,0.46405872916214724
2366,Mar-19,142094,224678,0.49455434453557734
2370,Aug-19,2035498,10383,0.4213301425513651
2371,Sep-19,28081,51322,0.5261911737867931
2374,Jan-19,85223,1707534,0.7815740170957595
2375,Oct-19,51259,52833,0.3644666970082454
2377,Sep-19,11349,52346,0.6327109071074788
2379,Jul-19,3723,182464,0.41446578772327114
2381,Aug-19,10305,11042,0.5721830058964106
2384,Feb-19,196974,3700,0.5429357406685772
2387,Jul-19,2095984,51794,0.4477655127421915
2395,Sep-19,197507,405461,0.35322803226962085
2399,Aug-19,10378,11767,0.5195775833560158
2402,Aug-19,196974,67623,0.49500657062820896
2405,Sep-19,3659,4348,0.5063418418496282
2407,Oct-19,10850,10788,0.6888686450070414
2409,May-19,802298,2516571,0.4525170895959042
2413,Mar-19,2555959,11161,0.5240362115664949
2414,Feb-19,191038,51094,0.4612548440348842
2420,Sep-19,4905,54638,0.3840228628383209
2421,Sep-19,10695,10703,0.4660216471615831
2428,Jul-19,3713,60718,0.536102896417528
2432,Aug-19,3882,51322,0.3887744041154399
2433,Aug-19,2095984,4073,0.4462715382235913
2441,Jan-19,3734,94283,0.4132050209395609
2445,Aug-19,1740216,4073,0.516883803738332
2453,Oct-19,1969408,223621,0.5853036419593681
2456,Feb-19,3700,4031,0.47706819084811664
2461,May-19,55419,7681,0.7615500137211082
2465,Oct-19,1459374,2579584,0.4729109109798537
2468,Oct-19,2516571,4035,0.4848502239085459
2471,Aug-19,55200,2611367,0.3610506791785384
2472,Mar-19,10789,167901,0.5300842543750685
2476,Oct-19,11035,10250,0.553662191098765
2481,Sep-19,378488,219786,0.5073051612859463
2487,Feb-19,53198,11767,0.3212691201273095
2489,Oct-19,45571,1399808,0.393171044488899
2493,Oct-19,4372,3468,0.44028836799378634
2494,Oct-19,53840,52886,0.5441296125842718
2495,Aug-19,10246,10352,0.6497806039373155
2498,Oct-19,4464,3839,0.5742087116395898
2501,Feb-19,11348,24753,0.49176990965721706
2503,May-19,1863628,65638,0.47982047014647755
2504,Jul-19,3723,4690,0.37756760734940426
2506,Oct-19,1984892,3495,0.48953433686622627
2507,Sep-19,3456,3469,0.5813683854287729
2513,Aug-19,53449,4205,0.25549670037588346
2514,Oct-19,10794,10536,0.543320635362429
2517,Jan-19,34159,11775,0.5637044985166609
2519,Aug-19,2095984,830070,0.43380843187663304
2521,Feb-19,11342,11370,0.5409299452512552
2534,Jan-19,847617,10785,0.34858010920396576
2541,Oct-19,1601923,1988251,0.5929061105082811
2545,Sep-19,53292,1570645,0.571214157462037
2547,Aug-19,1398935,142094,0.5646525858398175
2558,Mar-19,235621,4205,0.4044018163873449
2562,Oct-19,10807,2125639,0.6852863791400956
2564,Mar-19,11063,10788,0.6541213696392443
2567,Oct-19,11767,1607950,0.5085106915280355
2583,Sep-19,74588,10788,0.4436563649507801
2584,Jan-19,10766,11247,0.4183125005904652
2586,Sep-19,411593,1399808,0.5162495187523014
2588,May-19,51794,4072,0.5213107457269404
2592,Aug-19,2568933,28080,0.5009688183573169
2595,Oct-19,166504,3718,0.6332385788779781
2596,Mar-19,2555959,223621,0.6188498782335219
2599,Oct-19,200399,247320,0.43111563691076205
2603,Sep-19,64700,273950,0.5430350319191037
2612,Aug-19,10306,83015,0.5407456006283785
2619,Sep-19,70649,167938,0.6322862140996341
2628,Jan-19,3458,4151,0.569091884233651
2630,Aug-19,2047419,10347,0.42627674376792757
2632,Sep-19,1940917,54415,0.7832944535878572
2635,Mar-19,11466,10249,0.591887804321475
2640,Aug-19,10281,10749,0.6966375070173642
2644,Aug-19,379580,86294,0.4358452512230194
2647,Feb-19,4348,3863,0.5015252251455018
2648,Jan-19,11348,10340,0.43138213638292255
2656,Oct-19,3475,2601750,0.7350484095336902
2661,Aug-19,51433,53449,0.5702306086438877
2664,Aug-19,81226,3698,0.5560005855968415
2665,Oct-19,3673,218163,0.3970354220090678
2670,Jun-19,55419,2525708,0.4667768611130949
2672,Sep-19,3828,3746,0.5467156356020338
2675,Aug-19,4733,4299,0.38854900055853625
2683,Aug-19,10793,10473,0.4144272985667186
2687,Sep-19,167938,10346,0.49375622534708774
2692,Sep-19,52345,2555959,0.4007577361438283
2694,Mar-19,3702,3993,0.4497326660602235
2697,Nov-19,197507,1489870,0.4744178928288938
2699,Jul-19,230116,51314,0.6669091410843756
2703,Oct-19,49884,217710,0.675783827667673
2710,Feb-19,10340,10793,0.5251366954792407
2715,Sep-19,52886,3993,0.4420169010404875
2716,Aug-19,1609088,10872,0.4957694685573213
2717,Oct-19,259658,11035,0.38710922143469584
2719,Nov-19,4053,54883,0.43735272263957414
2727,Oct-19,2103686,2568933,0.3755858900088153
2738,Mar-19,162815,4508,0.4311929904428073
2739,Oct-19,2526148,253814,0.5777163820242006
2746,Aug-19,204410,3495,0.5275166081167102
2751,Jul-19,3982,27182,0.5518578149031668
2754,Aug-19,11076,10695,0.6262169484546881
2755,Nov-19,67623,224678,0.5879372996359964
2757,Oct-19,52886,52294,0.4771397688083094
2760,Dec-19,2616345,4299,0.5291782973851091
2766,Sep-19,93116,3884,0.5170303331742524
2767,Nov-19,2170539,2616345,0.5099926841727339
2771,Aug-19,206796,224678,0.593947924890313
2772,Sep-19,3810,195354,0.5059492580832744
2775,Sep-19,84281,10287,0.5833999363356682
2778,Jul-19,41750,205200,0.6309640959033278
2784,Sep-19,10274,10344,0.5045197385750718
2787,Oct-19,253195,198546,0.41526162874562766
2788,Feb-19,74911,2611278,0.8016913918671884
2790,Feb-19,10759,11767,0.4816750296070603
2795,Aug-19,51673,2608472,0.38138324440863614
2796,Mar-19,10769,92088,0.4541246813052014
2798,Aug-19,86294,4464,0.4369685871793465
2799,Mar-19,4690,3564,0.5555216379880612
2801,Aug-19,161912,10319,0.45092731450901996
2807,Oct-19,3959,198546,0.5638369982033468
2808,Jul-19,4193,95506,0.36902744391253095
2811,Sep-19,161912,10248,0.4397871014651335
2812,Jul-19,2204585,3734,0.3701916386475976
2816,Sep-19,11599,50113,0.465483295821302
2823,Jun-19,4169,1625971,0.5037528553611367
2824,Mar-19,1398920,10352,0.37801966138706267
2826,Feb-19,83218,263508,0.5157547376451206
2829,Jan-19,114452,378488,0.181213933673618
2830,Aug-19,3785,3882,0.5533857673005773
2833,Aug-19,166504,4611,0.45041202073330416
2836,Oct-19,28990,10789,0.43723558510786203
2841,Sep-19,85223,10793,0.5076684052720883
2850,Feb-19,3474,3464,0.5284432214761994
2853,Jan-19,3587,3871,0.5303266587661378
2854,Oct-19,55282,51259,0.5768274920665175
2857,Mar-19,10473,10250,0.6265738311535796
2860,Aug-19,378488,100217,0.4844173729752644
2862,Oct-19,91084,5218,0.5500416877612192
2863,Jan-19,10807,11767,0.39170704144915514
2869,Sep-19,4169,91959,0.38470778953367535
2873,Oct-19,73237,54351,0.513227083183266
2880,Nov-19,49884,2104153,0.6019677913500061
2886,Aug-19,3499,77968,0.287345046379809
2888,Oct-19,4515,3832,0.4763407670234038
2892,Mar-19,3723,3718,0.5102800356943702
2896,Nov-19,3765,51314,0.5588145773308968
2897,Sep-19,10324,10259,0.629256133443235
2898,Aug-19,10286,28290,0.5727781947428776
2899,Nov-19,55849,87175,0.4049078570552484
2904,Jan-19,219786,268262,0.7392274621986226
2906,Jan-19,3828,3490,0.6181194628024501
2915,Feb-19,3589,34037,0.8144553856184898
2916,Oct-19,3570,83218,0.33399805069810173
2923,Nov-19,169560,2600371,0.27925896404616196
2925,Jul-19,51288,206329,0.4238776539204946
2927,Apr-19,51304,1712024,0.5005371650580878
2931,Oct-19,247320,3466,0.7180797757919462
2934,Nov-19,57251,3766,0.35529694494935227
2940,Sep-19,2516571,53840,0.4815305678761916
2941,Sep-19,2611998,56823,0.2068460112549918
2942,Aug-19,2516571,50772,0.4163553329111005
2943,Jul-19,85223,157972,0.37326597401160305
2945,Oct-19,11063,59434,0.5825775409097774
2947,Sep-19,10274,74588,0.7131304911620892
2948,Oct-19,4073,60156,0.6915725413842093
2949,Dec-19,71334,191924,0.4914181663289918
2951,Feb-19,10750,28145,0.47150183559943204
2952,Aug-19,10242,398304,0.30193895951739697
2958,Aug-19,49953,4193,0.672655991081136
2960,Oct-19,28097,3499,0.4341880473433418
2962,Sep-19,10344,268261,0.5328474067806862
2963,Oct-19,34159,10526,0.6010329835802233
2964,Sep-19,2231281,10807,0.5483069741075013
2967,Oct-19,53449,3832,0.42812249530952967
2972,Oct-19,4445,4299,0.5179186986353105
2977,Dec-19,1711967,1609206,0.5303207384537858
2983,Aug-19,58235,10536,0.7593630123398731
2984,Jan-19,67623,4205,0.33234595062408095
2986,Oct-19,59434,10751,0.5129447767879256
2992,Aug-19,3882,1978582,0.3741698263045082
2999,Jul-19,10274,11359,0.6341221655414332
3000,Mar-19,46561,203816,0.5308644180782552
3004,Mar-19,11035,10347,0.5143656709212298
3006,Aug-19,2065915,70522,0.48672127783970354
3007,Aug-19,64618,1739159,0.5242681212608211
3008,Sep-19,3482,52873,0.3703194161650199
3009,Oct-19,53840,3871,0.5529044293819533
3010,Jan-19,224678,3867,0.459895090968872
3016,Feb-19,3503,3608,0.5730849283653898
3026,Sep-19,50772,4487,0.6595657215278683
3029,Aug-19,2097125,259120,0.5819417196276223
3039,Jan-19,45027,268261,0.5339482300559392
3043,Jul-19,3480,55419,0.3798414031960986
3044,Aug-19,1978582,2391589,0.8528503904203228
3051,Oct-19,247320,3993,0.5976838781477469
3059,Feb-19,3828,4031,0.5186371893398753
3066,Aug-19,10249,2555946,0.739250533927252
3068,Jul-19,3469,5164,0.6166968761571338
3071,Sep-19,10403,10283,0.5528655972228432
3073,Jul-19,1393213,1607952,0.5032577186077014
3078,Mar-19,10378,51304,0.5852616471946334
3079,Jan-19,70649,268262,0.7555592236366315
3088,Sep-19,10292,10281,0.35833857792159085
3094,Mar-19,11348,45027,0.4438690548996585
3101,May-19,5225,70622,0.38020100208544344
3103,Jul-19,64366,2488176,0.29530688897919066
3106,Oct-19,4073,53378,0.500298162677721
3112,Feb-19,77968,52341,0.6051225520690913
3113,Oct-19,146056,28150,0.6084212818650244
3116,Mar-19,11095,11161,0.45837118997277326
3119,May-19,3907,55419,0.6638466153687486
3120,Sep-19,3666,54883,0.4437711118584083
3122,Feb-19,1712024,2118860,0.5399562201418805
3123,Oct-19,3686,3871,0.49589898557659146
3124,Sep-19,4690,3700,0.5253900625801917
3125,Aug-19,166504,3723,0.6236359183408571
3133,Sep-19,10789,11599,0.41114737581401434
3137,Nov-19,70784,87175,0.4250713131661123
3138,Sep-19,4372,3456,0.3140467939708706
3139,Oct-19,10242,10248,0.42907308687807977
3141,Aug-19,765205,10346,0.32721612443040665
3147,Jan-19,98984,161912,0.20490483312820218
3149,Sep-19,3882,76531,0.436912606311844
3151,Jan-19,3666,53149,0.4692241196053468
3152,Sep-19,11042,11558,0.4246893054568712
3154,Sep-19,252210,206886,0.6222283847641266
3157,Sep-19,53085,3482,0.48114749457477785
3167,Nov-19,214689,10347,0.6990491476578677
3168,Sep-19,4487,27182,0.39326711203780024
3175,Nov-19,4047,58915,0.48720403450057376
3178,Feb-19,10767,10352,0.4865440305729264
3184,Mar-19,240233,2035498,0.3504333595544476
3185,Feb-19,42469,10267,0.7783319954846426
3192,Oct-19,54130,3884,0.5497256203629338
3197,Sep-19,207039,2245575,0.5438814569030207
3198,Oct-19,252053,1984892,0.5335723643160255
3201,Feb-19,219786,10759,0.5382725790490682
3205,Aug-19,4372,2005359,0.40154426384337255
3209,Jan-19,10749,10854,0.5124964115793973
3219,Oct-19,11361,11342,0.4202961078690055
3225,Aug-19,3534,4508,0.3630242016755672
3229,Feb-19,11076,53368,0.49954443124732795
3237,Oct-19,2516571,3495,0.5576331946176212
3238,Jul-19,3503,1726478,0.6415796400463746
3240,Mar-19,10292,11695,0.4967903029334707
3244,Mar-19,45027,58235,0.4801974925586091
3245,Aug-19,51259,70522,0.4053688230812905
3247,Aug-19,806774,1940917,0.3237093115729557
3248,Aug-19,10767,2555953,0.496099855594541
3254,Jul-19,268261,10248,0.42179262991069844
3255,Aug-19,84281,268261,0.6612864468370128
3256,Sep-19,10281,11095,0.6002579621662654
3272,Jul-19,51296,1393213,0.4634236796142799
3273,Nov-19,1083703,4128,0.44282806988269574
3275,Jun-19,141998,1945656,0.6733744802433175
3276,Jun-19,1607539,9505,0.4101894988395907
3277,Sep-19,11767,28900,0.5743216799202586
3283,Nov-19,28836,10590,0.48133968681004213
3287,Sep-19,4445,3654,0.5003428575093425
3289,Oct-19,1906302,1906139,0.5280779044527322
3293,Oct-19,224142,3701,0.4846967997574041
3294,Aug-19,219786,167901,0.6557350557104702
3301,Nov-19,308451,141998,0.2532604160770916
3302,Sep-19,1726478,373773,0.4678163774452594
3303,Sep-19,11370,10346,0.5368485723247013
3305,Sep-19,45027,10248,0.45526578225354
3306,Feb-19,10323,92088,0.2905537505173116
3311,Oct-19,57529,5218,0.4965495827190505
3314,Mar-19,4031,3605,0.5886844309004594
3315,Oct-19,10371,10527,0.44769323578565323
3316,Jun-19,44785,10063,0.27707636091669896
3317,Jan-19,11161,10347,0.5062053569186203
3320,Aug-19,3871,212742,0.5531124245291349
3322,Sep-19,10248,2602428,0.6608082141371157
3326,Dec-19,2103686,195354,0.4363463844793947
3328,Sep-19,1940917,3654,0.6144682926837682
3329,Jan-19,3832,207037,0.5739802652808678
3331,May-19,3699,3666,0.586155854074994
3339,Oct-19,54171,2516689,0.6290115417135659
3340,Feb-19,3867,3724,0.5123708898893421
3347,Sep-19,4072,3967,0.5938816195606647
3355,Feb-19,28924,34159,0.4457937369661602
3361,Oct-19,27182,405461,0.4747182172099984
3367,Sep-19,195354,27273,0.5171455587065171
3368,Aug-19,3481,2005359,0.36349622532218234
3372,Nov-19,98989,373773,0.6175590932825287
3373,Oct-19,200425,3464,0.5989899082206304
3377,Feb-19,54351,64318,0.4770788270955779
3386,Jan-19,51673,11161,0.46235285496198675
3394,Oct-19,49954,95506,0.4440005796321721
3402,Aug-19,200399,53840,0.5435207417070361
3403,Feb-19,2602428,10383,0.36859137205470593
3404,Aug-19,10249,191910,0.45354748688349455
3408,Nov-19,2616345,51794,0.43425167330500525
3412,Oct-19,93398,3699,0.44282395867926777
3417,Nov-19,98989,5225,0.5702056115091428
3419,Nov-19,55965,205032,0.26266451792002476
3422,Jan-19,10577,2514772,0.34100410981617457
3423,Oct-19,224142,196974,0.37301633628566727
3424,Oct-19,253923,3994,0.35897520221497436
3434,Sep-19,53028,252053,0.3993412325175543
3438,Feb-19,11767,10281,0.49352001710999477
3439,Sep-19,84513,45507,0.6209861305354726
3441,Aug-19,3462,1978582,0.3344757873317044
3445,Aug-19,83218,53840,0.5757055563754632
3450,Feb-19,11558,844356,0.531821479037296
3452,Jul-19,5218,1517181,0.6317005328874075
3453,Aug-19,4515,3871,0.5456146904404567
3455,Oct-19,44970,10351,0.6278743341026205
3456,Sep-19,3746,2085750,0.5102242988792776
3466,Mar-19,83015,74588,0.6503855116230147
3467,Sep-19,11666,219786,0.39632910552269346
3468,Sep-19,2070519,33380,0.8672521765488698
3469,Feb-19,70649,57418,0.6839155552192057
3470,Feb-19,196974,2085750,0.558260183188323
3472,Oct-19,200425,53840,0.5001440061633681
3476,Sep-19,1459374,53028,0.5325831993042908
3479,Mar-19,206335,64618,0.25799773583368696
3480,Sep-19,4464,1194009,0.5454185531426933
3484,Aug-19,224142,3607,0.6542554432937729
3487,Jan-19,11342,10850,0.5029694372593815
3490,Sep-19,54130,49954,0.5062512652469285
3492,Sep-19,2594847,4151,0.6481493859432803
3497,Aug-19,77442,10766,0.6057549489386959
3500,Mar-19,65308,10695,0.5532321119253124
3501,Mar-19,4372,3569,0.5844988181819744
3506,Mar-19,10473,11767,0.5302147326252086
3507,Nov-19,734160,1570645,0.5201909010226624
3510,May-19,3882,3967,0.5319782943530901
3515,May-19,207039,67412,0.5963749794148085
3517,Sep-19,3967,4464,0.3885521395403164
3520,Jul-19,64324,2106396,0.7531152475549001
3522,Oct-19,51927,2555953,0.3535121879291849
3526,Aug-19,2594847,50454,0.7068194002771075
3527,Sep-19,28527,1398938,0.3976335465890375
3528,Aug-19,3878,95506,0.5147108343094525
3540,Feb-19,28097,1517181,0.42276097484188757
3543,Jan-19,10310,11666,0.46959162770531726
3550,Sep-19,52873,218163,0.44460252457745614
3553,Jul-19,2530168,2085750,0.36444195652217215
3554,Nov-19,2096652,55856,0.42194858463039897
3558,Mar-19,260593,94283,0.39179831579960783
3562,Oct-19,1625971,4021,0.48244151504006055
3567,Sep-19,52833,205438,0.7509450474837264
3569,Oct-19,3761,3993,0.4665655587381911
3572,Mar-19,1871321,191910,0.2700654400536834
3577,Sep-19,95506,3587,0.4648556459933373
3583,Sep-19,200399,53374,0.4646901481783507
3584,Feb-19,1978582,2537714,0.6334252386601347
3585,Mar-19,2516689,3828,0.3178249971088344
3586,Aug-19,10339,10310,0.3467448388872584
3590,Sep-19,10310,10793,0.44082266997268693
3591,Aug-19,3458,4151,0.569091884233651
3596,Oct-19,10246,11063,0.5287100866462076
3598,Oct-19,49954,218163,0.3403233120935838
3601,Jul-19,252053,208113,0.595606608750884
3602,Oct-19,52833,91084,0.43795374168739526
3603,Mar-19,76531,224134,0.5573771790166954
3606,Sep-19,10769,223621,0.6357969323928614
3614,Sep-19,1607952,50772,0.37988913669732965
3615,Oct-19,71334,10347,0.4235233418551008
3616,Sep-19,3659,203816,0.4989898668270862
3621,Mar-19,10347,11359,0.6159849614203925
3622,Oct-19,1609088,64618,0.25526646786087603
3624,Jan-19,4464,51297,0.5631363383572147
3629,Aug-19,2085751,81226,0.4581185964274599
3636,Aug-19,80810,247320,0.2814622288591853
3643,Sep-19,3867,206796,0.4453330941778842
3645,Oct-19,45432,51304,0.32665012868343235
3648,Jun-19,4487,218755,0.43218710571805796
3649,Dec-19,207039,2098986,0.6748621546389609
3650,Jan-19,11370,268262,0.6811553127698383
3655,Mar-19,206783,4508,0.5022471464187642
3658,Jul-19,830070,3558,0.5977240719929787
3663,Sep-19,3644,1740216,0.3414926687826899
3667,Sep-19,58289,1948598,0.3570045270110928
3669,Aug-19,10854,51673,0.3797003617975808
3670,Aug-19,3608,93398,0.489116243290121
3673,Dec-19,802298,5218,0.4236407046470207
3674,Sep-19,67623,206796,0.49378395878066095
3677,Jul-19,2616432,135440,0.25985008362514866
3679,Oct-19,4515,3962,0.5417407631200337
3681,Aug-19,24753,10324,0.4393043485734907
3683,Nov-19,141998,55282,0.7555513839868577
3686,Mar-19,10307,10351,0.6914722171232932
3688,Oct-19,4133,2544742,0.6200128224591152
3689,Oct-19,1008596,1863628,0.6139298511364926
3702,Oct-19,1976304,34201,0.4596605146583092
3703,Jul-19,308451,53292,0.4237343705171809
3704,Sep-19,806774,1971098,0.39244825888020957
3705,May-19,57529,4072,0.512336572576699
3708,Sep-19,10537,10751,0.6092296571482336
3709,Aug-19,3686,3503,0.4728553905596139
3710,Jul-19,981589,11140,0.42266160466431835
3719,Apr-19,836822,64618,0.46946997831020965
3724,Mar-19,11247,11035,0.48450062965825763
3725,Oct-19,3587,235621,0.3660838017725366
3736,Feb-19,2114659,10774,0.40087414075278643
3739,Mar-19,11042,11361,0.5295971103688097
3740,Jan-19,224134,3478,0.2781958078788169
3742,Sep-19,4128,1008596,0.4126291065074853
3746,Aug-19,64324,3723,0.4923958220460511
3749,Mar-19,34103,10322,0.6571540367200494
3750,Feb-19,85223,65308,0.5247171426290581
3751,Feb-19,3761,3462,0.5908262881901013
3752,Sep-19,2566922,55282,0.4888618401337766
3754,Sep-19,10244,2114659,0.645290554403022
3758,Aug-19,10274,11348,0.5594993880819683
3762,Sep-19,47138,3718,0.4620261474923499
3764,Mar-19,11558,10854,0.7144725785990577
3765,Oct-19,3587,52341,0.492585765030754
3766,Aug-19,28145,2502217,0.44401539489475234
3767,Aug-19,51296,53374,0.3372189149483982
3771,Aug-19,52294,606930,0.4185221194023322
3774,Sep-19,3828,95506,0.5875051420401526
3777,Jun-19,3679,4190,0.6198158394588085
3782,Feb-19,28487,10292,0.5505826249091507
3785,Aug-19,2524041,240233,0.4470285440620146
3786,Sep-19,1607952,28097,0.6413810204060532
3789,Mar-19,10249,11356,0.45968897506429957
3796,Aug-19,54351,51296,0.537485666105666
3797,Feb-19,191038,593241,0.31747863808052723
3801,Jun-19,27273,4487,0.4993989619599519
3803,Aug-19,1740216,4072,0.5396414564372455
3805,Aug-19,2115126,4072,0.278476523812979
3807,Jul-19,135440,74716,0.6365689628655199
3810,Sep-19,268261,70649,0.3828703590280845
3815,Aug-19,87175,56823,0.5522578163810272
3826,Sep-19,3495,3994,0.4280791275386308
3832,Oct-19,2085750,252053,0.5265831161710869
3835,Sep-19,3679,200425,0.5690174287618932
3836,Aug-19,42681,58977,0.5903493987651623
3841,Feb-19,10850,219786,0.46738093345483295
3844,Nov-19,77968,218163,0.5400171991917229
3850,Oct-19,3654,3469,0.40191027536590446
3852,Sep-19,60718,3867,0.38312328806578083
3856,Oct-19,207527,54182,0.43564640262418336
3868,Aug-19,11558,52345,0.6414359544148102
3874,Mar-19,2590128,67591,0.5891243629507222
3880,Aug-19,1244046,28150,0.44097558448218044
3881,Aug-19,80810,69327,0.293950344193372
3882,Jul-19,70649,11767,0.5415503576552569
3883,Aug-19,1784530,10412,0.7097013080635303
3890,Jul-19,1863628,3724,0.42155423406217996
3898,Nov-19,153710,1398938,0.47473513139521917
3905,Mar-19,10306,10695,0.5545325727521357
3910,Nov-19,3960,3723,0.40647503535455176
3911,Sep-19,10479,51304,0.5567672907673772
3916,Oct-19,64700,55210,0.604866096662826
3923,Oct-19,4622,79558,0.3701420236122214
3924,Nov-19,3673,3608,0.5503026227313252
3933,Sep-19,53449,66480,0.556144088515437
3936,Jan-19,98984,268261,0.217120969417214
3939,Aug-19,28085,2087254,0.5635013581478241
3940,Nov-19,405461,3982,0.4732838622610686
3942,Oct-19,53374,52294,0.5990416901313391
3943,Oct-19,224678,207438,0.5190166250448861
3949,Oct-19,204410,3761,0.47069374102698386
3950,Nov-19,200392,7479,0.4082489682737042
3952,Aug-19,593241,10290,0.6774634919502552
3956,Oct-19,1978582,1740216,0.5258575744146259
3965,Aug-19,3713,247320,0.30354078810344154
3969,Jan-19,10283,11035,0.37952191054690015
3971,Sep-19,53028,2204585,0.5040838727428538
3973,Mar-19,4515,3456,0.3752220154472561
3978,Mar-19,11370,10281,0.44306435716726594
3983,Jan-19,3456,4031,0.606618904808714
3984,Aug-19,1607950,10769,0.502738419145679
3990,Oct-19,207438,204410,0.47786661855515605
3991,Oct-19,273950,3967,0.5144774199881617
3992,Aug-19,10319,10274,0.5301281391998136
3993,Jan-19,53374,4372,0.649498092214117
3995,Aug-19,76892,74588,0.47845809982254844
4001,Sep-19,24753,10766,0.5511794960174375
4006,Sep-19,2096652,51547,0.3306125307290811
4007,Jul-19,1398938,3484,0.6947739321508
4008,Aug-19,11361,10344,0.45485668203245494
4011,Mar-19,83218,73237,0.6134260126064874
4013,Jan-19,398304,10246,0.657086465817535
4015,Feb-19,42469,1739159,0.4722590558090677
4016,Nov-19,54846,27335,0.5523459975711787
4017,Nov-19,439496,54846,0.5167935901696372
4020,Jul-19,4073,94598,0.6403846747644474
4024,Jan-19,3867,94283,0.42757590777690785
4025,Oct-19,11318,74148,0.3781762442456734
4035,Aug-19,95375,84505,0.5484090251189304
4036,Jan-19,3564,3469,0.421192794583805
4037,Aug-19,3569,55908,0.36874913493744776
4044,Aug-19,3867,3474,0.559656348952766
4053,Oct-19,11042,10885,0.6616240077474296
4055,Jan-19,10322,10759,0.5846400271052108
4056,Aug-19,308451,2590128,0.5453927342402575
4062,Jan-19,85223,10274,0.491782764783223
4063,Oct-19,10244,56801,0.44879390344121245
4067,Feb-19,3698,3488,0.5226838412704227
4068,Aug-19,1570645,87175,0.4576810756358635
4072,Jan-19,53391,11342,0.4549338207130041
4083,Sep-19,83713,3673,0.4533004664542146
4086,Aug-19,65365,53449,0.49664987632316226
4093,Jul-19,51245,55210,0.4193124318735777
4094,Oct-19,198546,3481,0.566081860578666
4099,Jul-19,2087254,3766,0.39299349839892433
4103,Aug-19,10246,65308,0.5497577057069011
4106,Mar-19,4690,3503,0.5442090583511243
4108,Sep-19,76531,3810,0.5718832901871461
4110,Nov-19,182464,54182,0.6839225101081432
4111,Sep-19,10347,10378,0.4214338223238768
4112,Jul-19,137424,93398,0.592060217198893
4119,Aug-19,268261,11134,0.44843331252195
4134,Mar-19,51094,10378,0.3374248603395277
4140,Jan-19,10759,84281,0.3937519736989175
4142,Jan-19,2616345,3458,0.5580404401287249
4144,Oct-19,2590128,49924,0.4224694192421442
4151,Mar-19,1685942,2035498,0.6521004318645868
4153,May-19,5218,1863628,0.6121449176401524
4154,Sep-19,10352,10759,0.34569650234166893
4155,Dec-19,802298,86294,0.48386054870743533
4173,Nov-19,224678,218163,0.3982098923683778
4175,Jul-19,2047419,981589,0.5755883346103181
4176,Jul-19,2085750,200425,0.47327711646752846
4181,Jul-19,3711,3832,0.4164349298688862
4183,Sep-19,3878,3654,0.5181334590833918
4196,Aug-19,50113,1393071,0.5061084480900272
4198,Feb-19,2118860,58893,0.6096302258031744
4207,May-19,802298,4073,0.4167751879899847
4214,Sep-19,50772,1570645,0.6100473869894777
4217,Nov-19,308451,3608,0.5523711889744543
4218,Jul-19,2103686,81226,0.3659499023841954
4219,May-19,3961,2526148,0.6891548277286014
4220,Aug-19,3700,224142,0.585921751921687
4222,Oct-19,52294,3456,0.36218170578729925
4228,Oct-19,2104153,4954,0.6218293633579379
4231,Feb-19,10759,10479,0.49116982232392464
4233,Aug-19,10479,1736726,0.5101206003103513
4234,Mar-19,11666,10338,0.5381396880766518
4235,Mar-19,10347,10590,0.6961713012993043
4239,Mar-19,83015,51547,0.400585916501024
4243,Jul-19,4690,1157738,0.6779460013722809
4246,Jul-19,252064,1973165,0.6173371831606727
4248,Nov-19,3901,90634,0.4306067831968118
4249,Oct-19,3962,198546,0.49983506007425255
4251,Sep-19,1083703,3967,0.4670274763578193
4254,Aug-19,60156,1299416,0.5647684736997807
4255,Jul-19,2204714,69327,0.19271144561387005
4256,Jan-19,364584,50083,0.3639792041719261
4261,Jul-19,4690,70622,0.48635530273868594
4263,Oct-19,373773,2525708,0.46773256404214625
4266,Sep-19,167938,11076,0.4049757591148173
4269,Mar-19,364584,11666,0.3501899546818706
4276,Oct-19,4690,177312,0.7449572265484109
4285,Aug-19,3766,54171,0.5935255894987076
4292,Oct-19,364584,161912,0.32705692236854295
4295,Mar-19,10307,10469,0.43180593065213924
4296,May-19,1940917,207050,0.630718075960242
4297,Aug-19,1393213,4031,0.43525135016555255
4300,Nov-19,64324,55210,0.5304416413410603
4301,Aug-19,34103,10749,0.8487166233656364
4306,Aug-19,3498,83218,0.3341623293084421
4315,Sep-19,10479,219786,0.4705177440802868
4317,Aug-19,10479,378488,0.46324424752732274
4318,Feb-19,3619,4348,0.5836859090140102
4326,Jul-19,55282,53292,0.4122658355717363
4331,Mar-19,3687,1964059,0.5084327580066447
4333,Feb-19,10788,28924,0.4089544623852451
4336,Nov-19,5164,9505,0.5436987544214346
4338,Sep-19,28431,240233,0.5001988557590719
4342,Aug-19,49953,3832,0.47173068227496207
4349,Jul-19,10307,52345,0.6063295878966357
4356,Sep-19,53085,82651,0.33521771243871634
4357,Sep-19,3671,3605,0.403650060782523
4359,Oct-19,3718,3982,0.3256105214433014
4360,Feb-19,44970,74588,0.6681823526815249
4362,Sep-19,3466,141998,0.2042233166627732
4363,Aug-19,2595931,45507,0.23553176897158648
4364,Sep-19,11370,34159,0.514160346454352
4365,Aug-19,4508,162815,0.5688070095571927
4366,Jan-19,10351,252064,0.33462685463430236
4368,Aug-19,217512,4372,0.6234001303553203
4370,Aug-19,11349,10281,0.5528596333597211
4376,Aug-19,11076,79636,0.6888837629124254
4377,Feb-19,55282,207037,0.4953445676824868
4378,Sep-19,52886,218159,0.5180132840536462
4382,Jan-19,268261,1969408,0.4866996963066431
4384,Sep-19,53391,191924,0.57274357063377
4386,Jan-19,161912,10244,0.4970622334964857
4388,Oct-19,3828,176778,0.5786162775422192
4389,Oct-19,3982,3458,0.6629425739463091
4391,Oct-19,59382,4464,0.40836282235259175
4394,Jul-19,2095346,64700,0.39056832478649117
4398,Nov-19,176778,142094,0.5085907048737569
4403,Jan-19,3761,1570645,0.5264087644259002
4404,Jul-19,4401,93398,0.46118887246052653
4405,Feb-19,94283,3993,0.5470424265500952
4411,Mar-19,10322,10885,0.7650943224257885
4412,Jul-19,1618756,2044152,0.28105212194144297
4413,Nov-19,2594847,1948598,0.5088501606589135
4416,Oct-19,11342,11348,0.5894138436830498
4424,Aug-19,2093825,125087,0.29676737988279756
4428,Aug-19,142094,52337,0.6444312537252549
4431,May-19,3905,5225,0.5560579736549236
4432,Nov-19,46561,4622,0.6214053661850125
4434,Dec-19,50083,59434,0.5351423915886774
4440,Feb-19,2611278,11076,0.23518034167656954
4450,Nov-19,919337,115535,0.26888352253086656
4451,Nov-19,64324,57529,0.3768914107670947
4454,Aug-19,170791,2035498,0.6486388625556947
4458,Sep-19,3967,4073,0.38429115153339893
4460,Oct-19,67499,93116,0.5610464209399264
4464,Sep-19,10885,11076,0.2846278671393458
4466,Aug-19,51094,1736726,0.37333301433826427
4477,Aug-19,53368,2555950,0.5696115755263277
4479,Dec-19,10850,1969408,0.5515608314542465
4481,Aug-19,1608108,3713,0.6964570604164769
4485,Nov-19,51790,3839,0.46566408489976996
4487,Nov-19,90634,3878,0.518962998808925
4493,Aug-19,83218,49953,0.5873701636955558
4494,Jul-19,51322,4169,0.6329001291793704
4500,May-19,87295,28080,0.41176094061776014
4501,May-19,3679,5218,0.5584788861523431
4502,Feb-19,3587,4690,0.4630364640720444
4503,Oct-19,207438,54351,0.4814089172892817
4506,Mar-19,1711873,79623,0.5390197830032039
4508,Aug-19,253923,1940917,0.30655867786212565
4511,Sep-19,4487,45571,0.5940333585479178
4513,Sep-19,52346,11140,0.5554506968280852
4517,Feb-19,10769,10469,0.4423600522930276
4520,Oct-19,27335,4401,0.46256728040967265
4521,Nov-19,3699,207050,0.5432185879064271
4525,Sep-19,45571,2530168,0.4711250402246069
4534,Mar-19,10340,2602428,0.6313985866021299
4536,Jul-19,28487,981589,0.6193171484282581
4538,Sep-19,1863628,2617037,0.4702751277312639
4544,May-19,3460,207050,0.4767625185400248
4547,Dec-19,94598,5218,0.3661303521638985
4550,Feb-19,240233,10303,0.34629162555543447
4552,Feb-19,3490,3499,0.5456417632242715
4561,Jan-19,3698,53374,0.3592478397650748
4570,Aug-19,54351,49953,0.45969942664036295
4571,Sep-19,86299,1983491,0.41264639343928183
4574,Aug-19,3499,76531,0.3717350366881381
4577,Oct-19,4047,4073,0.3830093687146768
4581,Aug-19,3993,83218,0.438028520210112
4583,Aug-19,203816,3481,0.5456618124523587
4585,Nov-19,58289,2544742,0.402205811141873
4587,Mar-19,10885,10246,0.30596977635114503
4590,Oct-19,55908,53840,0.47389457279553254
4595,Oct-19,3982,1984892,0.6437330841985617
4597,Feb-19,4031,3867,0.523565044212205
4598,Aug-19,2516689,3495,0.4166799925608582
4604,May-19,5225,1008596,0.39463070292484137
4610,Oct-19,3617,1398938,0.5134223739153333
4612,Nov-19,4690,55282,0.5765524260443675
4613,Oct-19,3758,77968,0.13633695494039857
4615,Sep-19,11767,11640,0.5466621910402553
4617,Aug-19,71334,10550,0.6909706034133184
4622,Sep-19,216450,56823,0.25258048408755035
4627,Jan-19,10590,1609088,0.5331258086554768
4628,Nov-19,1398920,2047419,0.33766729818064245
4631,Mar-19,3456,73237,0.6540751884911333
4635,Nov-19,10305,10794,0.7539927658437766
4637,Sep-19,42919,2530168,0.5073289922160684
4638,Aug-19,3691,67623,0.4355876873183785
4641,Feb-19,53840,3878,0.5431192159785114
4646,Nov-19,1973123,27335,0.8044317212897355
4647,Dec-19,11286,10811,0.23122010966601772
4649,Aug-19,378488,85223,0.5752467701699603
4655,Jan-19,3943,3607,0.6272195453766111
4659,Nov-19,2617037,150075,0.26341805952020075
4661,Jan-19,4193,3691,0.3414745273279973
4663,Mar-19,51673,10695,0.5354670477758284
4666,Aug-19,3713,3464,0.5055033613341092
4668,Jul-19,1948598,208113,0.6142547316899911
4670,Sep-19,4299,3701,0.5036433459606753
4675,Mar-19,52337,3734,0.3277862345661336
4676,Sep-19,95524,51794,0.4716270993590967
4680,Mar-19,100217,364584,0.7559425999906801
4684,Jul-19,2616345,74716,0.5162139056146888
4694,May-19,207050,1008596,0.4096071812339981
4695,Aug-19,53840,3644,0.6265582827533432
4696,Mar-19,54351,2611704,0.5036785989374685
4698,Oct-19,52873,95375,0.5376341245953278
4699,Feb-19,3460,2005359,0.3761658957220961
4700,Sep-19,52341,67623,0.4479495189420591
4701,Sep-19,71162,80810,0.24495596682134357
4706,Feb-19,200399,3993,0.5295961111692926
4711,Aug-19,4690,3466,0.6318818323091664
4713,Nov-19,51245,55965,0.4563127221562933
4715,Jul-19,55908,3994,0.47783054339654674
4716,Mar-19,3959,3993,0.5011523676617369
4719,Jan-19,53198,219786,0.3040674512659382
4720,Oct-19,2616345,3482,0.5864343042370685
4725,Feb-19,3701,3828,0.38882016476799114
4730,Oct-19,3867,3761,0.5077286920672843
4732,Oct-19,4047,196974,0.36984721663162706
4734,Sep-19,206783,3882,0.5727527590223314
4738,Mar-19,142094,3832,0.42682190447747853
4740,Aug-19,3478,4193,0.8135261669010172
4745,Aug-19,3761,1984892,0.5669470909416708
4748,Sep-19,11274,10793,0.2600378595816126
4759,Feb-19,1194009,2085750,0.4944698130050694
4766,Jul-19,3619,4401,0.6355836547223812
4769,Jun-19,1607539,64700,0.3334407819396636
4773,Aug-19,84505,166504,0.3953888882216125
4776,Jul-19,96338,806774,0.6431779213503775
4779,Oct-19,52294,83218,0.40356254214480153
4781,Aug-19,207438,53374,0.354369657913578
4783,Feb-19,92088,2611367,0.5875093361026833
4785,Aug-19,27182,53449,0.5647186606291842
4788,Oct-19,76935,1984892,0.566177412905262
4791,Jan-19,4151,4372,0.3990353801064134
4793,Oct-19,3654,3927,0.6663968373343758
4794,Jul-19,1554636,166504,0.3045158864605928
4796,Aug-19,52294,224678,0.5305393296117089
4797,Mar-19,4072,806774,0.6216095277565963
4800,Oct-19,3882,2596786,0.487971880602418
4802,Aug-19,10378,85223,0.5676723802739155
4805,Feb-19,54309,10850,0.43442826797464873
4806,Aug-19,3766,51296,0.6512095528205029
4811,Aug-19,10246,11134,0.5026315911095958
4816,Mar-19,3701,606930,0.3603722834140593
4818,Nov-19,52294,4515,0.48599643020198213
4823,Feb-19,3828,151401,0.6719960557412498
4824,Sep-19,252053,3718,0.5673368435993372
4828,Mar-19,259658,10789,0.45097401383021835
4829,Sep-19,55282,51288,0.5440206870505723
4831,Mar-19,10766,2514772,0.5151790449668253
4842,Sep-19,1393213,405461,0.41327542210645146
4845,Oct-19,67623,3456,0.41756626178990885
4852,Feb-19,206335,10248,0.23313845103753258
4855,Nov-19,2070519,2085751,0.5807856162963195
4858,Mar-19,3700,95506,0.5466851966105778
4859,Dec-19,85223,50083,0.5515130775021482
4862,Sep-19,2231281,41562,0.5452892128144396
4863,Oct-19,2088345,1740216,0.44920298884905047
4864,Nov-19,1517181,4021,0.45327352482315114
4875,Oct-19,53255,3700,0.39635652025182216
4876,Oct-19,4487,2245575,0.5180466305126579
4877,Oct-19,206783,57433,0.7095240632521262
4878,Sep-19,60718,2088345,0.38731579526785587
4881,Oct-19,45507,10807,0.4640427669876208
4885,Feb-19,200425,207037,0.5580922210522256
4889,Jul-19,51259,3718,0.48066250449626835
4895,Dec-19,65329,11461,0.5173999446689482
4896,Jul-19,2070519,55419,0.6676733936875652
4900,Jul-19,1399808,806774,0.5428782565164272
4902,Aug-19,2035498,52346,0.4661479520591322
4904,Aug-19,3745,1740216,0.35620397220523786
4908,Oct-19,192639,93116,0.7270265192424274
4910,Mar-19,2526148,1601923,0.4024567410749942
4911,Oct-19,77442,28150,0.621030913700209
4918,Aug-19,3702,1398935,0.45605163406595206
4924,Sep-19,49884,41668,0.6369598433840147
4925,Jan-19,10850,10383,0.5183436245940264
4929,Mar-19,65308,844356,0.44341925497136325
4930,Sep-19,3644,4072,0.3780695439312518
4933,Jan-19,11095,191924,0.5329314120178384
4936,Feb-19,51673,10351,0.6295570757005161
4938,Jul-19,28527,51259,0.517421580216876
4942,Nov-19,79623,1740216,0.27910191422795366
4949,Mar-19,11359,378488,0.3056870385841919
4950,Mar-19,3685,3994,0.3785155601013398
4953,Jul-19,5069,1978582,0.27704608310624435
4956,May-19,64700,87188,0.6597094738253493
4960,Nov-19,2594847,69327,0.3798262323169708
4962,Jul-19,4151,3994,0.3330240064270743
4963,Jan-19,95506,49953,0.4541712245965776
4965,Sep-19,1608108,3654,0.6675860530095145
4968,Aug-19,10885,52346,0.35283845690280047
4969,Sep-19,1948598,2085751,0.5176910201213736
4971,Jul-19,4560,1984892,0.5103581366100106
4977,Mar-19,4560,3701,0.5061187214964267
4982,Jul-19,3711,3766,0.36892981927640156
4991,Aug-19,51222,3882,0.38901182472932294
4992,Sep-19,153710,4348,0.5326893228005297
4993,Jan-19,3927,4686,0.2502964598992761
4997,Aug-19,4690,1194009,0.5462936388930608
5001,Jan-19,151401,53840,0.3554123236402039
5002,Aug-19,2566922,84505,0.5165925792424549
5004,Aug-19,167901,10303,0.46475709385639535
5005,Aug-19,85223,10305,0.43954312135434903
5010,Feb-19,2611704,3458,0.5518059493592171
5011,Mar-19,83218,3456,0.4562956948984528
5018,Jan-19,10759,10344,0.5264465968728012
5022,Oct-19,96338,4169,0.6075338877239906
5024,Nov-19,830070,2500037,0.5682351059696572
5025,Mar-19,10473,10759,0.5484324379386271
5026,Jun-19,1393213,1607952,0.5032577186077014
5032,Oct-19,2563348,207050,0.2121772240270869
5034,Feb-19,59434,398304,0.24998963087658907
5037,Jan-19,10479,11359,0.6621907516106235
5039,Aug-19,1948598,217512,0.41629997136251795
5042,Oct-19,50113,11541,0.6248226652379922
5043,Sep-19,4487,2500037,0.4390410373880662
5051,Jan-19,28924,167938,0.4745972173363233
5058,Sep-19,54171,166504,0.45606267399446976
5066,Aug-19,60157,3761,0.4200816896141941
5067,Sep-19,3699,4733,0.6520112631043135
5068,Aug-19,1969408,219786,0.4163826348785445
5076,Oct-19,4802,56823,0.5270310931366082
5079,Oct-19,10537,10850,0.4753426822007502
5080,Jul-19,195354,4726,0.3529564012214284
5084,Nov-19,125087,3558,0.6404256984496257
5089,Oct-19,57529,3558,0.5752798800273345
5091,May-19,4021,67591,0.6078076542330925
5092,Sep-19,11558,836822,0.5777924965286108
5098,Mar-19,10242,50083,0.5299102937561841
5101,Oct-19,54846,28085,0.365461017746039
5105,Feb-19,28900,53198,0.61026822687222
5107,Sep-19,4802,2005359,0.446763575786483
5109,Jul-19,2093825,47138,0.5191670843779
5119,Aug-19,161912,11599,0.46186829934292595
5125,Jul-19,5218,3765,0.6769952774698017
5128,Oct-19,65230,75587,0.5013142449631759
5131,Sep-19,54458,262476,0.324639680636036
5132,Oct-19,60156,176778,0.36803136198236513
5136,Aug-19,10287,259120,0.7344176860836467
5138,Aug-19,51790,53449,0.46040472068570476
5140,Sep-19,74148,153464,0.4133352843820442
5148,Aug-19,2170539,4072,0.46524256114213564
5152,Oct-19,4417,1940917,0.28807860074967495
5153,Oct-19,206783,4464,0.4919449393999308
5154,Feb-19,3961,3761,0.6330762627885895
5160,Mar-19,10287,10378,0.4857884788326121
5164,Mar-19,53374,3456,0.45898396003882835
5165,Feb-19,142720,11640,0.5554545304084832
5171,Oct-19,53255,3475,0.356840236962291
5176,Jul-19,3666,1570645,0.42415081842950386
5177,Sep-19,3498,53449,0.46008580273094657
5178,Mar-19,49869,3761,0.2698723778940746
5179,Feb-19,11695,10839,0.4003241861247691
5182,Jan-19,10347,11356,0.5580176560443271
5184,Oct-19,253814,206783,0.33995599875406224
5186,Aug-19,10307,84513,0.5006467051046635
5188,Mar-19,1398936,3558,0.3830409806766529
5190,Aug-19,206794,1374418,0.5235781576248048
5199,Oct-19,3959,54351,0.5671173220811749
5203,Nov-19,1609083,54847,0.13227039745656358
5204,Sep-19,3569,200425,0.34464107220979545
5206,Jan-19,3691,3498,0.5677856705265295
5208,Nov-19,4690,28085,0.4929709638536138
5216,Aug-19,86294,28080,0.47079029005096457
5218,Oct-19,10242,364584,0.6632740191638932
5221,Oct-19,2085750,212742,0.5791413516863954
5227,Feb-19,10903,223621,0.18968065444553953
5232,Aug-19,10322,28145,0.6068461362203585
5251,Jun-19,72527,2544742,0.5406385712214061
5253,Aug-19,95506,52886,0.48630649135593507
5254,Sep-19,55282,1398938,0.4562902706727437
5257,Feb-19,196974,5059,0.4019992503487032
5258,Sep-19,10346,34144,0.6673342524533068
5261,Jul-19,3766,3558,0.6314510638201807
5263,Mar-19,4417,3702,0.368577782515023
5265,Aug-19,66480,3458,0.4955982814132215
5269,Sep-19,11361,11359,0.5868106767279782
5270,Sep-19,218159,3507,0.5855295971319996
5275,Aug-19,1969408,10307,0.4576799879803227
5278,Jan-19,10766,50083,0.4571089682574992
5280,Jul-19,1570645,54171,0.48256772082775695
5281,Jan-19,206806,196974,0.4798093599524049
5297,Oct-19,3700,4031,0.47706819084811664
5299,Jan-19,11035,10793,0.510904553470849
5301,Jan-19,4984,151401,0.24386511362811902
5302,Dec-19,2526148,4072,0.4233733865355166
5314,Oct-19,1940917,207061,0.7282612790517666
5315,Jan-19,10864,58235,0.16757026190166416
5317,Jul-19,4190,51288,0.5542016484036374
5319,Aug-19,3871,53374,0.3708872697539379
5320,Aug-19,10248,77442,0.5369082656328217
5329,Jan-19,224678,3469,0.41100224635078625
5332,Sep-19,55200,45447,0.25743146280879825
5334,Oct-19,197507,28527,0.5059830938537668
5342,Jan-19,2611704,3701,0.5265192656203714
5346,Sep-19,3967,3882,0.46802170564690987
5347,Aug-19,3700,2611704,0.544810116702711
5348,Jan-19,67623,3855,0.8283166124888343
5350,Sep-19,146056,259658,0.6092154324916454
5352,Aug-19,3503,75587,0.44940235696111813
5356,Feb-19,1607952,2611704,0.49950653935292005
5358,Feb-19,58235,11640,0.5228964906970498
5361,Sep-19,217710,4073,0.24505832369311342
5368,Oct-19,67623,207438,0.6062432547720485
5370,Aug-19,54171,2590128,0.5677028627693307
5372,Oct-19,42381,34159,0.4062558314658933
5381,Oct-19,2594847,3982,0.4149188571159948
5384,Oct-19,94283,53374,0.48219003637816626
5386,Mar-19,10319,10479,0.49938214677826437
5393,Aug-19,2005359,27335,0.6845601253473501
5394,Oct-19,10788,2555953,0.47605312586908943
5397,Sep-19,1601923,2089548,0.8151490331024372
5400,Oct-19,3901,77968,0.3225775573187084
5402,Sep-19,2005359,73237,0.5633497788386655
5404,Mar-19,84281,10344,0.6312197661619148
5406,Nov-19,51289,51433,0.4937062601859588
5408,Feb-19,24753,10346,0.4957824824956035
5411,Mar-19,73237,3691,0.48871697193971314
5413,Jul-19,4690,5069,0.6843070579144575
5415,Oct-19,3701,95161,0.5240754871012847
5417,Jun-19,195354,54902,0.8221126176684858
5421,Oct-19,91084,2596786,0.6148683280872902
5423,Jan-19,28145,45027,0.5023096628846819
5427,Nov-19,96338,1948598,0.5517833951317621
5430,Sep-19,153710,3679,0.3879950122838288
5431,Sep-19,3887,51222,0.29226286785502253
5434,Aug-19,1393213,218163,0.39692564706426187
5438,Jun-19,3480,55419,0.3798414031960986
5439,Oct-19,3785,49954,0.5985413754510813
5445,Apr-19,10344,10322,0.38989919252569966
5451,Jun-19,72527,84505,0.5494431240262077
5463,Sep-19,51245,4464,0.2740265770464289
5464,Nov-19,2095984,4075,0.5294799951622587
5465,Sep-19,200392,3460,0.49419594882991896
5471,May-19,3679,9505,0.6850705435184318
5472,Sep-19,4205,52886,0.7354074574686839
5476,Aug-19,50083,378488,0.3751755271711075
5480,Mar-19,51297,2601750,0.6673382712094318
5483,Sep-19,203816,94598,0.5563994866490701
5493,Oct-19,200399,3871,0.5955452225180478
5498,Nov-19,1394174,84486,0.7060902905407053
5501,Feb-19,3659,3867,0.44130066124796213
5506,Oct-19,259658,11599,0.3644826906860529
5510,Jul-19,195354,207050,0.49583112500032017
5513,Mar-19,3685,206796,0.33533327250630524
5520,Feb-19,10767,42790,0.5430959956872813
5522,Oct-19,3718,5164,0.4600025462799063
5523,Mar-19,73237,49953,0.47286865939854594
5524,Aug-19,161912,10340,0.4716928936899843
5528,Feb-19,70414,3460,0.5979678818588662
5532,Feb-19,4372,4686,0.38687651075639456
5534,Mar-19,3673,260593,0.4955857597335518
5536,Oct-19,55908,3654,0.5351805884612612
5537,Sep-19,1459374,45571,0.5714179816189273
5541,Sep-19,51322,45571,0.7229159216096822
5554,Oct-19,1398938,3605,0.5584898369271665
5556,Aug-19,3589,3486,0.6750334089250811
5558,Sep-19,4128,2103686,0.5708111983227669
5559,Aug-19,3724,206796,0.4331430598724427
5568,Aug-19,11348,10310,0.5155553015447527
5575,Aug-19,28399,10751,0.41009044728711164
5577,Mar-19,4733,1863628,0.4118524226441912
5578,Oct-19,75587,59419,0.4858537631161856
5581,Sep-19,80810,56823,0.4349681397147285
5583,Oct-19,93116,224142,0.4572286623927371
5585,Jan-19,52294,4445,0.5395736448689322
5587,Jul-19,54130,1945656,0.35773975075180436
5588,Jun-19,2542115,27273,0.510429601140074
5589,Oct-19,3839,76531,0.44338606952251114
5590,Aug-19,3462,3724,0.41367203490315047
5601,Aug-19,3993,55282,0.5762678058358462
5604,Jan-19,4372,53255,0.5409867671622387
5611,May-19,1008596,207673,0.8699984113810969
5615,Sep-19,3498,260593,0.45283551719195386
5617,Mar-19,3702,218163,0.4131654070622005
5625,Sep-19,3654,1570645,0.48455428115524624
5626,May-19,45571,3605,0.38533512140640025
5644,Sep-19,24836,42568,0.6156040209768274
5648,Jul-19,27273,3679,0.33663163287710074
5651,Oct-19,212742,49954,0.5077596395586264
5666,Sep-19,5218,4075,0.5758166521795854
5667,Nov-19,4515,52886,0.5368166572831646
5673,Oct-19,204410,3608,0.5546026633737506
5675,Feb-19,28145,259658,0.6165629490549291
5680,Sep-19,4133,51790,0.6331263564604869
5688,Mar-19,10323,398304,0.21236193194689695
5693,Aug-19,11695,593241,0.3641324161716198
5696,Mar-19,11134,10319,0.48417665069702437
5701,Oct-19,2594847,1517181,0.5978909100440122
5711,Sep-19,55908,60157,0.5734294974618511
5714,Nov-19,4073,2526148,0.5987546572163922
5724,Jan-19,11788,2514772,0.49935234604964435
5729,Jul-19,4128,207050,0.5031205045245586
5732,Sep-19,3466,182561,0.31998784477311726
5734,Aug-19,3654,3456,0.32609394678312303
5735,Nov-19,4515,3478,0.3242355244733549
5736,Oct-19,49884,1945656,0.38401075566263443
5738,Apr-19,11361,2118860,0.5170163155572665
5740,Aug-19,3745,3810,0.4637650407078261
5744,Oct-19,4515,52886,0.5368166572831646
5745,Jan-19,3659,52341,0.4448241438982509
5747,Sep-19,167878,207061,0.6186622899531131
5750,Jul-19,76935,1570645,0.5256273216481433
5755,Aug-19,2114659,10526,0.46137360575778075
5756,Mar-19,55908,4031,0.46211574355291407
5757,Feb-19,223621,10344,0.39581116679723044
5759,Sep-19,28900,11134,0.4512277236249689
5761,Jul-19,4035,47138,0.650841182484942
5763,Oct-19,10347,161912,0.499716160108339
5764,Nov-19,3488,54883,0.4775468119835908
5766,Feb-19,10793,10765,0.41224828181070855
5769,Aug-19,1736726,10403,0.5943282080809024
5775,Sep-19,53292,53028,0.673530804573286
5783,Oct-19,240231,55849,0.4496524897819703
5784,Jul-19,3894,1945656,0.37864848199323603
5788,Aug-19,2566922,247320,0.32128893132925607
5789,Sep-19,85223,10248,0.4505046037874205
5790,Mar-19,206796,204410,0.5909325967688929
5793,Feb-19,3503,3499,0.6041110070574963
5794,Jul-19,27182,373773,0.6478331291546535
5796,Jan-19,2596786,224134,0.5062357495484154
5802,Jan-19,3959,77968,0.42434871709488486
5806,Sep-19,3810,206783,0.41850130816859404
5807,Oct-19,734160,806774,0.6018676939752156
5811,Aug-19,74716,55282,0.49690772326467325
5812,Feb-19,2085750,1887492,0.7831160245631553
5816,Mar-19,3478,253195,0.7761418974456187
5817,Sep-19,10277,55200,0.5794851157485317
5818,Nov-19,3654,51289,0.43073948144667573
5822,Jun-19,1517181,1157738,0.5476277833943105
5823,Sep-19,3466,3607,0.6332716741143821
5826,Sep-19,238409,191924,0.6235109553943466
5828,Aug-19,11349,259658,0.7065515350639621
5832,Mar-19,95161,3503,0.42393892318309173
5836,Sep-19,77968,7479,0.6047316040731587
5837,Sep-19,373773,4072,0.3650026297003116
5846,Mar-19,11349,11035,0.6032952096171008
5847,Feb-19,844356,11361,0.5731271002717102
5851,Aug-19,34159,10577,0.7374721269090821
5852,Jan-19,10286,53488,0.7361140590085393
5854,Sep-19,10383,161912,0.5283178580542673
5858,Jul-19,125000,1554636,0.47289976839754244
5860,Aug-19,10788,10839,0.33054259901527944
5863,Aug-19,4031,3701,0.5933160792840076
5865,Aug-19,64318,2095984,0.506599307799468
5866,Oct-19,53378,1398938,0.5365842365936603
5873,Sep-19,10479,58235,0.5143798025624575
5875,Oct-19,308451,3460,0.5506578040258386
5884,Oct-19,4205,3701,0.7641619547619546
5891,Aug-19,3608,3832,0.38228917450405947
5894,Mar-19,142720,34159,0.5732223989987326
5895,Mar-19,2516689,53840,0.3448192596213964
5896,Jun-19,54638,4128,0.3785337782169044
5898,Aug-19,28145,10765,0.4266460261052297
5899,Jan-19,28487,10246,0.435273182857334
5901,Oct-19,198546,57216,0.6980642958491587
5907,Feb-19,3462,3464,0.4888428145581288
5909,Jan-19,151401,52337,0.5569726317761136
5923,Oct-19,247320,3884,0.7470781577608444
5925,Oct-19,11342,84513,0.5129365557382654
5933,Feb-19,4193,207037,0.3692790228285563
5942,Jul-19,3558,91084,0.3733042792106793
5947,Jul-19,303997,1008596,0.4161256922897824
5948,Jan-19,167901,50083,0.45921799244733985
5949,Nov-19,65365,171016,0.29511074803634013
5952,Nov-19,67623,142094,0.5932044215699912
5953,Mar-19,65308,10344,0.4715951967301909
5956,Aug-19,10324,161912,0.5284802565537674
5958,Jan-19,200425,53374,0.4217914820379927
5960,Aug-19,10793,10469,0.39860621809538005
5962,Mar-19,219786,10344,0.5644582028436602
5966,Mar-19,1736726,11348,0.5797562388931389
5973,Jul-19,81226,207039,0.5636705338617322
5977,Sep-19,10537,11548,0.8356573623455171
5979,Aug-19,83218,73237,0.6134260126064874
5981,Sep-19,4021,1157738,0.5935217361418988
5982,Jul-19,3960,3698,0.36386124477845116
5989,Feb-19,92088,85223,0.5824962821091462
5992,Aug-19,1739159,10277,0.5592224211703479
5994,Jul-19,54171,4690,0.4573341612798235
5995,Jun-19,4169,2488176,0.6233120412231451
6003,Sep-19,10695,28990,0.5472327396756435
6004,Aug-19,70402,247320,0.5405985488529224
6006,Oct-19,3687,217512,0.42670206572198854
6010,Oct-19,94283,224134,0.620866821340761
6011,Sep-19,41668,28097,0.4815768713765101
6012,Sep-19,28145,10246,0.481935777942982
6015,Nov-19,411593,218755,0.46143310153554723
6018,Sep-19,55210,3905,0.3909555127828185
6019,Mar-19,54351,3481,0.5627997391807597
6021,Nov-19,3671,87188,0.5323981118651464
6025,Sep-19,33118,10310,0.5991496592663406
6026,Aug-19,51673,10889,0.7432008624059613
6028,Aug-19,56274,175894,0.5283596615767995
6030,Mar-19,10760,10322,0.3326151537842241
6034,Mar-19,207037,4686,0.40312198348222517
6037,Sep-19,3533,218163,0.2915199154372229
6038,Jan-19,2555959,11161,0.5240362115664949
6040,Dec-19,4075,2093825,0.5737411381068155
6050,Nov-19,58977,46561,0.3740087051413997
6052,Oct-19,4151,3488,0.411712178732464
6053,Sep-19,252053,4487,0.5460360754957476
6055,Feb-19,3718,3700,0.3918926142083743
6057,Jul-19,364584,28399,0.49951234123621474
6062,Oct-19,3943,182561,0.31436323313940484
6068,Aug-19,218163,3790,0.31592946189259774
6074,Aug-19,70649,11558,0.526173676970134
6079,Sep-19,51314,3654,0.33460072118316525
6085,Sep-19,10383,11349,0.4104356761437507
6088,Oct-19,5164,27273,0.5190932494356676
6091,Feb-19,55849,142094,0.45773180203062347
6094,Jan-19,4151,60157,0.4231278877260996
6099,Sep-19,192639,172172,0.8985442611150434
6103,Jan-19,398304,10479,0.6445293779014944
6107,Sep-19,10352,175945,0.2691345301683886
6108,Aug-19,206783,3488,0.5926286138516849
6115,Jun-19,1399808,802298,0.48006986884408287
6116,Feb-19,4331,3718,0.519616269726798
6117,Aug-19,100217,11140,0.6682013727702981
6120,Sep-19,10695,1393071,0.3691258058817958
6123,Oct-19,153710,3482,0.5916706099250525
6127,Oct-19,53085,51794,0.33420769510321313
6130,Mar-19,11134,10473,0.4440353181649406
6135,Oct-19,56801,10249,0.6486583555697863
6139,Feb-19,10759,57418,0.6299277125712057
6141,Jul-19,50772,55849,0.6599084998655471
6146,Aug-19,58977,4047,0.43410547674209526
6148,Jan-19,224134,4047,0.5390915917033295
6149,Aug-19,1398938,3679,0.4122668144688574
6150,Oct-19,411593,1517181,0.5540212430754605
6152,Feb-19,4031,3589,0.4501324515873966
6154,Nov-19,3850,90634,0.5557660590412824
6156,Feb-19,11342,84281,0.4020425729834686
6158,Aug-19,4151,3507,0.4710968156916941
6161,Aug-19,2108184,64324,0.35614135966062577
6163,Mar-19,1863628,4299,0.4757433764802393
6164,Aug-19,81226,308451,0.5415639146709189
6177,Jan-19,10283,10319,0.3470210421716929
6182,Jun-19,60718,3711,0.43753609353989226
6189,Sep-19,10307,378488,0.45086468347695086
6190,Aug-19,1625971,2596786,0.4612415911623392
6191,Oct-19,3570,3962,0.45309063453801707
6192,Oct-19,4515,64700,0.5348998496907859
6195,Aug-19,84281,844356,0.6044157102140916
6202,Oct-19,10249,11225,0.7128293132111074
6206,Aug-19,65230,166504,0.5064794086938541
6215,Jun-19,195354,51794,0.4020627746999846
6217,Oct-19,195354,2596786,0.4730866998693343
6218,Jul-19,179979,124948,0.5437799082281637
6222,Aug-19,11599,223621,0.6265832577034234
6223,Aug-19,5225,4072,0.4116361365096311
6229,May-19,3723,1008596,0.3790291950513746
6230,Sep-19,167844,1489870,0.4512077040916262
6234,Aug-19,28081,49953,0.5826316861886862
6238,Jul-19,4391,153710,0.3922889333529322
6242,Aug-19,1398938,2089548,0.7926657247464811
6246,Nov-19,51794,85086,0.4581814682449468
6253,Aug-19,74911,142720,0.5477030153408338
6254,Aug-19,51315,2115126,0.45752157793797865
6255,Sep-19,1398940,54415,0.5060941606459599
6258,Sep-19,10793,10292,0.582239774165669
6259,Feb-19,844356,10274,0.5238507366794665
6268,Jul-19,368898,2085751,0.2677898816161555
6269,Sep-19,198546,3993,0.43729691877768395
6270,Nov-19,1601923,55282,0.5788460583241459
6271,Sep-19,3503,53374,0.3926631576659714
6275,Sep-19,81943,2092183,0.4909825788874723
6276,Nov-19,4205,53374,0.6293093786591623
6279,Sep-19,10378,24753,0.6096154670482509
6280,Jul-19,2206500,28290,0.5832479331679769
6282,Oct-19,3701,3878,0.4607128088474715
6288,Aug-19,11359,52345,0.4523268373109476
6298,Aug-19,53449,2115126,0.6786354171516471
6299,Oct-19,55849,212742,0.506655221183584
6301,Oct-19,4515,224134,0.5545456264997175
6302,Oct-19,253195,606930,0.3139400842224332
6303,Nov-19,1712358,9505,0.82937109064116
6305,Feb-19,11342,10774,0.5947180492417576
6306,Jan-19,4464,3475,0.48242781533382295
6320,Nov-19,58289,28097,0.5210727146722034
6325,Nov-19,54883,2085750,0.4607961990764264
6326,Sep-19,57423,95375,0.21112492930290197
6329,Jul-19,49924,3839,0.5428083462298529
6333,Oct-19,3927,56797,0.3542064538774279
6335,Oct-19,55908,3867,0.4856294709405015
6336,Sep-19,217512,53255,0.6611271203028493
6339,Jun-19,64700,1863628,0.5606096719890742
6341,Nov-19,52294,94283,0.4181910528262628
6344,Sep-19,3943,67499,0.452296501270763
6346,Aug-19,82405,11349,0.5095147029113969
6349,Jul-19,3460,1398938,0.417882805550862
6351,Jul-19,1940917,2537714,0.6282949641132894
6354,Sep-19,3718,3867,0.39249771993810784
6356,Jun-19,1945656,2536184,0.670545271864816
6368,Sep-19,4035,200425,0.4965326248168247
6374,Sep-19,54883,125000,0.6476088864465809
6382,May-19,53085,411593,0.4147188982532276
6385,Feb-19,3607,3619,0.2574891845220656
6387,Oct-19,3570,53374,0.3315931528024931
6393,Jul-19,3671,1954751,0.2155470478822356
6400,Sep-19,57418,11348,0.44893606484334847
6404,Sep-19,10785,10751,0.5963761468429806
6412,Dec-19,5218,4072,0.5157843023387887
6416,Jul-19,182464,3673,0.5288437836855514
6423,Oct-19,3766,51297,0.6141784561095172
6430,Sep-19,10277,2231281,0.4455921801725377
6435,Oct-19,56797,176778,0.464657981102881
6437,Dec-19,65308,85223,0.4752828573709419
6440,Sep-19,10785,10248,0.44828007452084984
6441,Oct-19,1978582,3994,0.5642608807788945
6446,Sep-19,4686,49953,0.5517050549127742
6447,Jan-19,3654,3993,0.4251972824215371
6448,Nov-19,64700,1863628,0.5606096719890742
6449,Jan-19,3503,52337,0.6690928243453937
6453,Jun-19,28080,1906302,0.5528425600608974
6461,Jan-19,77968,3475,0.5601085502888441
6463,Mar-19,11095,10769,0.41687410353226073
6465,Nov-19,51289,4047,0.6079130909792834
6467,Feb-19,11140,10695,0.49456715957113057
6468,Jul-19,1398938,51259,0.6189395732439147
6473,Nov-19,4633,4622,0.7115580529317455
6476,Dec-19,2526148,3828,0.38922650091844285
6481,Sep-19,2035498,85223,0.4384840678134326
6486,Feb-19,76892,10794,0.47826852328090114
6489,Oct-19,2005359,207438,0.5943764972122896
6494,Oct-19,4348,3654,0.48430501702567647
6496,Sep-19,1988251,3894,0.5080941046916329
6499,Sep-19,10346,11161,0.4658636377771949
6506,Aug-19,91084,3746,0.5768320885065259
6508,Jul-19,27182,802298,0.5745645128328588
6515,Sep-19,11370,10788,0.6553469098026636
6516,Sep-19,1726478,91959,0.30829911719105857
6517,Feb-19,142720,11356,0.6241501837580212
6521,Mar-19,836822,10310,0.5524531956236682
6524,Nov-19,3654,87175,0.4423859934985136
6537,Nov-19,79558,54130,0.5775059151494093
6543,Feb-19,1517181,4031,0.36739657739006437
6545,Aug-19,10751,10274,0.39358910104309813
6547,Feb-19,224134,53449,0.49393868099606136
